origin,destination,stock
AD,CA,70
AD,DK,15
AD,EE,1
AD,FI,2
AD,GN,4
AD,GR,1
AD,IS,3
AD,LU,44
AD,ML,1351
AD,NO,13
AD,PT,478
AE,AU,17673
AE,BG,477
AE,BH,7139
AE,BY,21
AE,CA,36578
AE,CY,158
AE,DK,915
AE,EE,33
AE,EG,432
AE,FI,303
AE,GR,92
AE,HU,729
AE,IN,19941
AE,IQ,293
AE,IS,17
AE,IT,1118
AE,KW,28593
AE,KZ,724
AE,LI,2
AE,LK,1707
AE,LT,64
AE,LU,89
AE,LV,30
AE,LY,3130
AE,ML,3990
AE,MR,78
AE,MT,130
AE,NO,685
AE,NZ,2976
AE,PS,14071
AE,QA,10034
AE,SI,24
AE,SK,138
AE,TR,12928
AE,ZA,762
AF,AE,7665
AF,AT,54204
AF,AU,81506
AF,AZ,1419
AF,BE,50906
AF,BG,586
AF,BH,772
AF,BO,1
AF,BR,7050
AF,BY,274
AF,CA,70392
AF,CH,24005
AF,CN,1569
AF,CO,670
AF,CR,5
AF,CY,6
AF,DE,358767
AF,DK,14440
AF,EC,173
AF,EE,66
AF,EG,486
AF,FI,8262
AF,FR,89849
AF,GB,99398
AF,GE,41
AF,GN,1
AF,GR,48116
AF,HU,2142
AF,ID,5979
AF,IL,2927
AF,IN,17646
AF,IQ,318
AF,IR,3752317
AF,IS,163
AF,IT,19207
AF,JP,6050
AF,KW,3094
AF,KZ,8919
AF,LI,6
AF,LK,133
AF,LT,43
AF,LU,500
AF,LV,42
AF,LY,359
AF,ML,621
AF,MX,2262
AF,MY,2906
AF,NA,47
AF,NI,64
AF,NL,42853
AF,NO,19172
AF,NZ,6706
AF,PK,1923453
AF,QA,1679
AF,RU,2880
AF,SA,153258
AF,SE,79353
AF,SI,41
AF,SK,211
AF,SY,1179
AF,TJ,12467
AF,TM,197
AF,TR,332053
AF,UA,4956
AF,US,199252
AF,ZA,2910
AG,AU,61
AG,BB,196
AG,BG,6
AG,BS,14
AG,CL,207
AG,DK,6
AG,DM,459
AG,DO,201
AG,EE,7
AG,FI,1
AG,GD,40
AG,GN,4134
AG,GR,31
AG,GY,16
AG,JM,156
AG,KN,430
AG,LC,82
AG,LU,2
AG,NA,520
AG,NI,128
AG,NO,4
AG,VC,57
AL,AT,6148
AL,AU,4105
AL,BE,16175
AL,BG,1858
AL,BO,1
AL,CA,20718
AL,CL,341
AL,CO,236
AL,CR,5
AL,CY,291
AL,DK,1237
AL,EE,42
AL,FI,831
AL,FR,54967
AL,GE,9
AL,GN,9
AL,GR,474441
AL,HR,152
AL,HU,593
AL,IS,332
AL,IT,542638
AL,LI,2
AL,LT,29
AL,LU,1222
AL,LV,11
AL,LY,338
AL,ME,2741
AL,MK,68356
AL,ML,1663
AL,MT,398
AL,NO,2417
AL,PT,62
AL,RO,810
AL,RS,853
AL,SE,11986
AL,SI,166
AL,SK,145
AL,SM,41
AL,VE,16
AL,ZA,243
AM,AR,884
AM,AT,3746
AM,AU,1462
AM,AZ,116637
AM,BE,3107
AM,BG,2478
AM,BO,6
AM,BY,5577
AM,CA,5457
AM,CL,239
AM,CR,10
AM,CY,1238
AM,CZ,2416
AM,DK,828
AM,EE,760
AM,EG,274
AM,FI,135
AM,FR,42785
AM,GE,13147
AM,GN,7
AM,GR,15479
AM,HU,265
AM,IR,1008
AM,IS,15
AM,IT,2373
AM,KG,2266
AM,KZ,6889
AM,LI,10
AM,LT,450
AM,LU,139
AM,LV,652
AM,LY,285
AM,MD,274
AM,MT,141
AM,NA,68
AM,NO,370
AM,PL,3117
AM,PT,126
AM,RU,340512
AM,SI,19
AM,SK,184
AM,TJ,194
AM,TM,7016
AM,UA,48740
AM,UZ,5789
AM,VE,30
AO,AU,559
AO,BE,8571
AO,BG,21
AO,BO,7
AO,BR,15174
AO,BW,822
AO,CD,201592
AO,CG,40756
AO,CM,3303
AO,CR,4
AO,CU,21
AO,CV,408
AO,DK,207
AO,EE,3
AO,ER,270
AO,FI,519
AO,GA,1199
AO,GN,105
AO,GR,12
AO,HU,137
AO,IS,76
AO,IT,1835
AO,LI,7
AO,LT,2
AO,LU,1226
AO,ML,2028
AO,MX,2457
AO,MZ,40741
AO,NA,42539
AO,NO,552
AO,PT,201961
AO,SI,2
AO,SK,27
AO,ST,292
AO,SZ,135
AO,TZ,1210
AO,VE,168
AO,ZA,6354
AO,ZM,41665
AR,AD,780
AR,AU,24708
AR,BE,3485
AR,BG,175
AR,BO,53146
AR,BR,31403
AR,BS,124
AR,BY,98
AR,CA,20267
AR,CH,11810
AR,CL,76995
AR,CN,7565
AR,CO,6491
AR,CR,2125
AR,CU,25
AR,CV,3
AR,CY,86
AR,DK,6313
AR,DO,1204
AR,EC,3254
AR,EE,55
AR,ES,390798
AR,FI,541
AR,GE,14
AR,GN,102
AR,GR,693
AR,GT,654
AR,HN,197
AR,HR,177
AR,HT,473
AR,HU,510
AR,IL,48082
AR,IS,125
AR,IT,88572
AR,JP,3266
AR,LI,26
AR,LT,68
AR,LU,470
AR,LV,20
AR,MR,76
AR,MT,49
AR,MX,21195
AR,NA,53
AR,NI,292
AR,NO,1385
AR,NZ,5878
AR,PA,4671
AR,PE,30704
AR,PL,323
AR,PT,1701
AR,PY,65943
AR,RS,53
AR,SI,493
AR,SK,98
AR,SM,95
AR,SV,221
AR,US,212091
AR,UY,42578
AR,VE,8943
AR,ZA,807
AT,AR,794
AT,AU,13561
AT,BA,184
AT,BE,3408
AT,BG,2665
AT,BO,196
AT,BR,2536
AT,BS,43
AT,BY,56
AT,CA,12372
AT,CF,23
AT,CH,57640
AT,CL,669
AT,CN,1022
AT,CO,210
AT,CR,183
AT,CY,370
AT,CZ,2076
AT,DE,213019
AT,DK,2195
AT,DO,231
AT,EC,92
AT,EE,200
AT,FI,777
AT,GE,25
AT,GR,2438
AT,HR,4614
AT,HT,170
AT,HU,13198
AT,IL,5672
AT,IS,246
AT,IT,14432
AT,LC,8
AT,LI,4260
AT,LT,84
AT,LU,1185
AT,LV,93
AT,LY,847
AT,ME,254
AT,MN,16
AT,MT,575
AT,MV,25
AT,MX,537
AT,NA,675
AT,NI,39
AT,NO,1877
AT,PA,197
AT,PE,227
AT,PL,7579
AT,PT,648
AT,RO,5029
AT,RS,8034
AT,RU,1235
AT,SI,3190
AT,SK,5133
AT,SV,11
AT,TJ,61
AT,TR,30987
AT,VE,743
AT,ZA,1586
AU,AD,73
AU,AG,6
AU,AR,659
AU,AZ,91
AU,BB,23
AU,BG,406
AU,BN,599
AU,BO,282
AU,BR,790
AU,BS,93
AU,BT,28
AU,BW,413
AU,BY,26
AU,CA,26777
AU,CF,11
AU,CL,1421
AU,CN,13927
AU,CO,761
AU,CR,95
AU,CY,3143
AU,DK,3795
AU,DM,6
AU,DO,44
AU,EC,105
AU,EE,225
AU,EG,1077
AU,FI,1466
AU,FJ,1979
AU,GB,124319
AU,GH,41
AU,GN,8
AU,GR,21915
AU,GT,81
AU,HR,1428
AU,HU,1470
AU,ID,1940
AU,IE,11165
AU,IL,3987
AU,IN,1769
AU,IS,260
AU,IT,18314
AU,JP,11962
AU,KH,130
AU,KI,91
AU,KP,208
AU,LA,230
AU,LC,10
AU,LI,10
AU,LK,479
AU,LT,60
AU,LU,332
AU,LV,102
AU,LY,842
AU,ME,135
AU,MN,262
AU,MT,22753
AU,MV,90
AU,MX,566
AU,MY,2432
AU,NA,594
AU,NO,2732
AU,NR,50
AU,NZ,89129
AU,PA,511
AU,PE,837
AU,PG,9250
AU,PH,1489
AU,PL,2079
AU,PT,1549
AU,RS,1084
AU,SB,266
AU,SC,51
AU,SG,17222
AU,SI,422
AU,SK,455
AU,SV,27
AU,SZ,55
AU,TL,547
AU,UG,210
AU,VE,131
AU,VU,677
AU,WS,258
AU,ZA,2653
AU,ZM,428
AZ,AM,187421
AZ,AU,828
AZ,BG,2654
AZ,BO,1
AZ,BY,13138
AZ,CA,5913
AZ,CN,222
AZ,CR,4
AZ,CY,36
AZ,CZ,1897
AZ,DK,481
AZ,EE,1656
AZ,FI,210
AZ,GE,6191
AZ,GN,3
AZ,GR,547
AZ,HU,728
AZ,IL,15580
AZ,IR,4882
AZ,IS,29
AZ,IT,1626
AZ,KG,4458
AZ,KZ,18451
AZ,LT,727
AZ,LU,222
AZ,LV,1798
AZ,MD,405
AZ,NO,619
AZ,PL,586
AZ,PT,82
AZ,RU,308165
AZ,SI,45
AZ,SK,61
AZ,TJ,168
AZ,TM,7551
AZ,TR,117860
AZ,UA,84792
AZ,UZ,20079
BA,AT,180515
BA,AU,29317
BA,BG,226
BA,BO,11
BA,CA,36008
BA,CH,58221
BA,CY,69
BA,CZ,2793
BA,DE,320423
BA,DK,16175
BA,DO,5
BA,EE,2
BA,FI,955
BA,GR,474
BA,HR,363041
BA,HU,517
BA,IS,412
BA,IT,29671
BA,LI,320
BA,LT,2
BA,LU,3156
BA,LV,8
BA,LY,371
BA,ME,31869
BA,MK,8781
BA,MT,859
BA,NL,28178
BA,NO,15507
BA,PL,1381
BA,PT,52
BA,RS,277641
BA,SE,60819
BA,SI,138576
BA,SK,503
BA,VE,21
BA,ZA,1445
BB,AG,327
BB,AU,408
BB,BG,4
BB,BS,268
BB,CA,13022
BB,CL,341
BB,CR,16
BB,DK,46
BB,DM,172
BB,EE,1
BB,FI,14
BB,GD,183
BB,GN,9
BB,GR,8
BB,GY,273
BB,HU,4
BB,JM,550
BB,KN,101
BB,LC,390
BB,LU,7
BB,LV,2
BB,NO,27
BB,PA,58
BB,SI,1
BB,SK,1
BB,SV,41
BB,TT,1704
BB,VC,361
BB,VE,5
BD,AE,1024949
BD,AU,64969
BD,BE,3070
BD,BG,741
BD,BH,103283
BD,BN,1439
BD,BO,33
BD,BR,811
BD,BT,55
BD,CA,79033
BD,CN,3569
BD,CR,4
BD,CY,1620
BD,DK,4525
BD,EE,268
BD,EG,762
BD,ES,21104
BD,FI,3511
BD,FJ,1425
BD,GB,298666
BD,GR,3029
BD,HU,288
BD,IN,2293959
BD,IS,18
BD,IT,179289
BD,JO,26252
BD,JP,28989
BD,KP,156
BD,KW,406077
BD,LB,30406
BD,LI,6
BD,LK,680
BD,LT,46
BD,LU,164
BD,LV,14
BD,LY,1410
BD,MM,1102
BD,MT,38
BD,MU,8488
BD,MV,43282
BD,MX,400
BD,MY,282437
BD,NA,34
BD,NO,1480
BD,NP,214
BD,NZ,3499
BD,OM,737087
BD,PA,78
BD,PT,1894
BD,QA,274697
BD,SA,2362680
BD,SC,227
BD,SE,15502
BD,SI,23
BD,SK,23
BD,SV,6
BD,TL,66
BD,US,357581
BD,ZA,30637
BE,AD,244
BE,AR,776
BE,AU,7695
BE,BG,3584
BE,BI,806
BE,BO,468
BE,BR,2100
BE,BS,32
BE,BY,34
BE,CA,17760
BE,CH,19211
BE,CL,1232
BE,CN,1179
BE,CO,590
BE,CR,422
BE,CV,9
BE,CY,272
BE,CZ,1231
BE,DK,3003
BE,DO,287
BE,EC,272
BE,EE,278
BE,EG,982
BE,ES,55364
BE,FI,812
BE,FR,169102
BE,GA,541
BE,GE,22
BE,GN,36
BE,GR,5551
BE,HN,25
BE,HR,334
BE,HU,3036
BE,IL,7375
BE,IS,311
BE,IT,42866
BE,JP,1063
BE,LC,7
BE,LI,46
BE,LT,287
BE,LU,24933
BE,LV,113
BE,LY,761
BE,MA,1641
BE,MR,69
BE,MT,869
BE,MU,119
BE,MX,1104
BE,NA,204
BE,NI,47
BE,NL,67931
BE,NO,2102
BE,PA,494
BE,PE,932
BE,PL,13815
BE,PT,4414
BE,RO,5923
BE,RS,467
BE,SC,38
BE,SI,375
BE,SK,1119
BE,SV,53
BE,TG,64
BE,TR,40904
BE,VE,353
BE,ZA,2630
BF,AU,68
BF,BG,18
BF,BJ,13704
BF,BR,396
BF,CI,1820882
BF,DK,140
BF,FI,34
BF,GA,7582
BF,GH,75339
BF,GN,545
BF,GR,37
BF,HU,14
BF,IT,15279
BF,LI,1
BF,LR,161
BF,LU,80
BF,ML,69919
BF,NA,77
BF,NE,31858
BF,NO,36
BF,SI,6
BF,SK,1
BF,SL,7
BF,TG,13866
BG,AR,366
BG,AT,38651
BG,AU,3874
BG,BE,51857
BG,BO,29
BG,BR,270
BG,BS,22
BG,BY,58
BG,CA,20575
BG,CH,12532
BG,CR,103
BG,CU,9
BG,CY,6498
BG,CZ,12878
BG,DE,338439
BG,DK,12544
BG,DO,82
BG,EE,342
BG,ES,103587
BG,FI,3021
BG,FR,35728
BG,GE,237
BG,GN,1
BG,GR,78992
BG,HR,271
BG,HU,1676
BG,IL,18875
BG,IS,778
BG,IT,50769
BG,LI,21
BG,LT,147
BG,LU,1975
BG,LV,103
BG,MD,446
BG,ME,76
BG,MK,1079
BG,MN,16
BG,MT,4743
BG,MX,289
BG,NA,32
BG,NI,64
BG,NL,58481
BG,NO,8109
BG,PA,133
BG,PL,2585
BG,PT,6682
BG,RO,4443
BG,RS,896
BG,RU,2615
BG,SE,11009
BG,SI,1585
BG,SK,2822
BG,TR,348052
BG,UA,1784
BG,VE,127
BG,ZA,766
BH,AE,1870
BH,AU,2395
BH,BD,40631
BH,BG,39
BH,CR,1
BH,CY,110
BH,DK,128
BH,DO,23
BH,EG,45
BH,FI,24
BH,GN,1
BH,GR,22
BH,HU,44
BH,KW,1503
BH,LK,406
BH,LT,5
BH,LU,10
BH,LY,1091
BH,NA,52
BH,NO,38
BH,PS,7891
BH,QA,816
BH,SK,15
BI,AU,3255
BI,BE,13915
BI,BG,25
BI,CA,16563
BI,CD,67352
BI,CL,281
BI,CN,516
BI,CY,1
BI,DK,557
BI,DO,3
BI,EG,240
BI,ER,820
BI,ET,130
BI,FI,89
BI,GA,179
BI,GN,35
BI,GR,141
BI,HU,14
BI,IT,1410
BI,KE,14270
BI,LU,113
BI,MW,9834
BI,MZ,8742
BI,NA,431
BI,NO,1249
BI,RW,130912
BI,SI,3
BI,SK,4
BI,SZ,475
BI,TZ,241069
BI,UG,42181
BI,ZA,12416
BI,ZM,9305
BJ,AU,97
BJ,BF,4437
BJ,BG,37
BJ,BO,1
BJ,BR,136
BJ,CG,15015
BJ,CI,75331
BJ,CM,3103
BJ,CR,1
BJ,CY,6
BJ,DK,59
BJ,EE,1
BJ,FI,22
BJ,FR,31581
BJ,GA,56627
BJ,GH,22051
BJ,GN,378
BJ,GR,5
BJ,HU,39
BJ,IS,2
BJ,IT,3320
BJ,LR,16
BJ,LU,151
BJ,LV,1
BJ,ML,2098
BJ,MR,647
BJ,NA,171
BJ,NE,29525
BJ,NG,404468
BJ,NO,30
BJ,PT,40
BJ,SK,11
BJ,SL,94
BJ,SN,3834
BJ,TG,72863
BJ,ZA,332
BN,AU,3357
BN,BG,1
BN,CA,4347
BN,CY,1
BN,DK,16
BN,FI,5
BN,HU,1
BN,IN,21878
BN,MY,16887
BN,NO,38
BN,TJ,21
BO,AR,337017
BO,AU,1196
BO,BG,30
BO,BR,46373
BO,CA,4219
BO,CL,150155
BO,CO,1267
BO,CR,533
BO,CU,33
BO,CY,8
BO,DK,515
BO,DO,190
BO,EC,1091
BO,EE,5
BO,ES,188863
BO,FI,195
BO,GN,3
BO,GR,22
BO,GT,159
BO,HN,152
BO,HR,28
BO,HU,65
BO,IS,23
BO,IT,14942
BO,JP,6454
BO,LT,1
BO,LU,81
BO,LV,1
BO,MX,2805
BO,NI,68
BO,NO,648
BO,PA,828
BO,PE,22190
BO,PT,272
BO,PY,1165
BO,SI,15
BO,SK,17
BO,SV,54
BO,VE,1768
BR,AR,51527
BR,AT,8207
BR,AU,70220
BR,BD,20097
BR,BE,24464
BR,BG,289
BR,BO,31945
BR,BS,135
BR,BY,90
BR,CA,58045
BR,CH,51063
BR,CL,19238
BR,CN,4866
BR,CO,5335
BR,CR,787
BR,CV,315
BR,CY,58
BR,CZ,1483
BR,DK,6445
BR,DO,724
BR,EC,1256
BR,EE,249
BR,EG,206
BR,ES,179946
BR,FI,2224
BR,FR,72483
BR,GH,15
BR,GN,12
BR,GR,2399
BR,GT,283
BR,GY,2190
BR,HN,244
BR,HR,171
BR,HU,1558
BR,IE,48605
BR,IL,10891
BR,IS,328
BR,IT,137935
BR,JP,207220
BR,KP,2892
BR,LC,6
BR,LI,215
BR,LT,81
BR,LU,4300
BR,LV,42
BR,LY,285
BR,MR,186
BR,MT,499
BR,MX,18794
BR,NA,592
BR,NI,131
BR,NL,34662
BR,NO,6956
BR,NZ,11421
BR,PA,3670
BR,PE,11785
BR,PL,833
BR,PT,173266
BR,PY,85207
BR,SE,14151
BR,SI,226
BR,SK,186
BR,SM,32
BR,SN,687
BR,SR,6044
BR,SV,248
BR,TL,63
BR,US,738994
BR,UY,19034
BR,VE,5419
BR,ZA,1290
BS,AG,1
BS,AU,305
BS,BB,48
BS,BG,4
BS,CR,17
BS,DK,22
BS,DM,11
BS,DO,43
BS,FI,7
BS,GD,31
BS,GN,11
BS,GR,21
BS,GY,14
BS,HU,8
BS,IS,8
BS,JM,685
BS,KN,24
BS,LC,9
BS,LI,2
BS,LU,9
BS,NA,53
BS,NI,89
BS,NO,26
BT,AU,25363
BT,BG,32
BT,CA,6227
BT,CN,113
BT,CR,5
BT,DK,617
BT,DO,9
BT,EE,3
BT,FI,2
BT,GN,1
BT,HU,14
BT,IN,6555
BT,LK,236
BT,LU,1
BT,NO,415
BT,NP,26552
BW,AU,1736
BW,BG,36
BW,BS,14
BW,CY,6
BW,DK,79
BW,FI,22
BW,GN,44
BW,GR,5
BW,HU,14
BW,LS,247
BW,LU,1
BW,NA,731
BW,NO,131
BW,SI,1
BW,SK,2
BW,SZ,39
BW,TZ,136
BW,ZA,8004
BW,ZM,1498
BW,ZW,3985
BY,AU,2586
BY,AZ,227
BY,BG,1526
BY,BO,6
BY,CA,13112
BY,CN,1913
BY,CR,7
BY,CY,357
BY,CZ,7789
BY,DK,1095
BY,EE,10721
BY,EG,221
BY,FI,521
BY,GE,1132
BY,GR,1578
BY,HR,83
BY,HU,314
BY,IL,26340
BY,IS,103
BY,IT,14832
BY,KG,9480
BY,KZ,23013
BY,LI,3
BY,LT,35625
BY,LU,374
BY,LV,38908
BY,LY,857
BY,MD,1036
BY,MT,31
BY,NO,1347
BY,PL,56258
BY,PT,1219
BY,RS,74
BY,RU,255159
BY,SI,241
BY,SK,285
BY,TJ,682
BY,TM,2030
BY,UA,252977
BY,UZ,26170
BZ,AG,13
BZ,AU,80
BZ,BB,21
BZ,BO,1124
BZ,BS,48
BZ,CL,252
BZ,CR,202
BZ,DK,8
BZ,GR,2
BZ,GT,1082
BZ,HN,379
BZ,HU,2
BZ,JM,7
BZ,MX,3170
BZ,NI,25
BZ,NO,14
BZ,PA,157
BZ,SI,1
BZ,SK,2
BZ,SV,349
BZ,VE,17
CA,AG,470
CA,AL,807
CA,AR,1481
CA,AU,57190
CA,BB,701
CA,BE,5070
CA,BG,1035
CA,BO,1715
CA,BR,2064
CA,BS,1777
CA,BT,38
CA,BW,195
CA,BY,150
CA,BZ,1012
CA,CF,208
CA,CH,13033
CA,CL,2004
CA,CM,230
CA,CN,23177
CA,CO,1942
CA,CR,2038
CA,CU,18
CA,CY,1586
CA,CZ,1336
CA,DK,4217
CA,DM,190
CA,DO,1367
CA,EC,1088
CA,EE,213
CA,EG,690
CA,FI,1948
CA,GA,314
CA,GB,81845
CA,GD,229
CA,GH,361
CA,GN,41
CA,GR,13663
CA,GT,469
CA,GW,34
CA,GY,408
CA,HN,361
CA,HR,898
CA,HT,640
CA,HU,3437
CA,IE,7811
CA,IL,10021
CA,IN,2590
CA,IS,553
CA,IT,23315
CA,JM,1359
CA,JP,11477
CA,KH,45
CA,KP,343
CA,LC,237
CA,LI,17
CA,LK,254
CA,LR,35
CA,LT,40
CA,LU,907
CA,LV,163
CA,LY,3215
CA,MD,112
CA,ME,67
CA,MN,174
CA,MR,57
CA,MT,9242
CA,MU,35
CA,MV,108
CA,MX,14431
CA,NA,208
CA,NI,272
CA,NO,3729
CA,NZ,13149
CA,PA,3312
CA,PE,1842
CA,PG,236
CA,PL,6421
CA,PT,9387
CA,PY,2635
CA,RS,1168
CA,SG,3197
CA,SI,442
CA,SK,666
CA,SL,15
CA,SV,251
CA,SZ,17
CA,TG,47
CA,TJ,47
CA,TT,2838
CA,TZ,283
CA,UG,241
CA,US,950387
CA,UY,480
CA,VC,176
CA,VE,1021
CA,WS,7
CA,ZA,1954
CA,ZM,326
CD,AO,93210
CD,AU,8028
CD,BE,88896
CD,BG,18
CD,BI,224091
CD,BO,3
CD,BR,1524
CD,BW,1192
CD,CA,39790
CD,CF,19448
CD,CG,168387
CD,CL,207
CD,CM,5273
CD,CN,1091
CD,CR,4
CD,CY,720
CD,DK,2032
CD,EE,12
CD,ER,1324
CD,ET,1041
CD,FI,2332
CD,FR,120178
CD,GA,9660
CD,GH,37
CD,GN,71
CD,GR,5069
CD,HU,83
CD,IL,241
CD,IN,234
CD,IS,3
CD,IT,7127
CD,KE,41186
CD,LI,4
CD,LT,3
CD,LU,1066
CD,LV,4
CD,LY,489
CD,ML,2931
CD,MR,104
CD,MW,27099
CD,MX,1016
CD,MZ,11941
CD,NA,4597
CD,NI,50
CD,NO,3111
CD,PT,2340
CD,RW,236385
CD,SD,17897
CD,SE,7671
CD,SI,12
CD,SK,9
CD,SN,371
CD,SS,97364
CD,SZ,683
CD,TD,399
CD,TG,661
CD,TZ,76772
CD,UG,637206
CD,ZA,57519
CD,ZM,67171
CF,AU,191
CF,BO,79
CF,CD,368125
CF,CG,32312
CF,CM,336349
CF,CR,7
CF,CY,14
CF,DK,22
CF,DO,151
CF,FI,8
CF,GN,15
CF,GR,424
CF,HU,17
CF,LU,40
CF,ML,1458
CF,NO,29
CF,SD,45125
CF,SI,1
CF,SK,1
CF,SN,741
CF,SS,4859
CF,TD,115460
CF,TG,380
CG,AO,1091
CG,AU,2688
CG,BE,3982
CG,BG,36
CG,BJ,4318
CG,BO,8
CG,BR,282
CG,CD,7108
CG,CM,3817
CG,CN,1263
CG,CR,11
CG,DK,170
CG,EE,5
CG,EG,228
CG,FI,147
CG,FR,94890
CG,GA,17698
CG,GN,112
CG,GR,1531
CG,HU,90
CG,IS,2
CG,IT,2836
CG,LT,6
CG,LU,345
CG,LY,453
CG,MA,2201
CG,ML,13793
CG,MW,1008
CG,MX,206
CG,NA,1239
CG,NO,282
CG,PT,610
CG,SI,3
CG,SK,25
CG,SZ,72
CG,TD,1113
CG,TG,260
CG,TZ,24189
CG,ZA,29093
CG,ZM,13869
CH,AD,90
CH,AR,1260
CH,AT,16633
CH,AU,13265
CH,BE,5711
CH,BG,825
CH,BO,818
CH,BR,3047
CH,BS,346
CH,BT,25
CH,BY,27
CH,CA,17551
CH,CF,163
CH,CL,1342
CH,CN,749
CH,CO,852
CH,CR,971
CH,CV,13
CH,CY,396
CH,CZ,1135
CH,DK,3323
CH,DO,1174
CH,EC,358
CH,EE,139
CH,EG,224
CH,ES,59271
CH,FI,1351
CH,FR,96066
CH,GE,13
CH,GH,189
CH,GN,15
CH,GR,4004
CH,GT,181
CH,HN,62
CH,HR,2696
CH,HT,383
CH,HU,4355
CH,IL,4679
CH,IS,341
CH,IT,181622
CH,JP,1323
CH,LC,7
CH,LI,15441
CH,LK,293
CH,LR,21
CH,LT,105
CH,LU,1588
CH,LV,89
CH,LY,1050
CH,ME,209
CH,MN,22
CH,MT,537
CH,MU,105
CH,MV,137
CH,MX,1520
CH,NA,473
CH,NI,89
CH,NO,2699
CH,NZ,3291
CH,PA,670
CH,PE,561
CH,PL,4171
CH,PT,20886
CH,RS,3881
CH,SI,1109
CH,SK,1136
CH,SV,60
CH,TJ,50
CH,TR,17204
CH,VE,593
CH,ZA,6305
CI,AO,13031
CI,AU,682
CI,BE,8359
CI,BF,574409
CI,BG,21
CI,BJ,36443
CI,BO,3
CI,BR,502
CI,CA,27793
CI,CN,588
CI,CR,4
CI,CV,6
CI,DK,506
CI,EE,6
CI,EG,176
CI,FI,172
CI,FR,169206
CI,GA,3679
CI,GH,82933
CI,GN,7401
CI,GR,133
CI,HU,70
CI,IL,40
CI,IS,11
CI,IT,35037
CI,LR,16235
CI,LT,1
CI,LU,514
CI,LV,1
CI,LY,672
CI,ML,219185
CI,MR,542
CI,NA,32
CI,NE,2337
CI,NO,410
CI,PT,165
CI,SI,2
CI,SK,10
CI,SL,110
CI,SN,3002
CI,TG,5841
CI,TN,720
CI,ZA,432
CL,AD,243
CL,AR,141348
CL,AU,35849
CL,BE,4639
CL,BG,37
CL,BO,5882
CL,BR,17324
CL,BS,38
CL,CA,27191
CL,CN,930
CL,CO,5406
CL,CR,2517
CL,CU,47
CL,CY,49
CL,DK,2270
CL,DO,713
CL,EC,4102
CL,EE,29
CL,ES,73732
CL,FI,638
CL,GN,9
CL,GR,395
CL,GT,354
CL,HN,320
CL,HR,111
CL,HT,338
CL,HU,252
CL,IL,4070
CL,IS,131
CL,IT,12743
CL,JP,1177
CL,LI,6
CL,LT,4
CL,LU,251
CL,LV,6
CL,ML,2011
CL,MX,15510
CL,NA,34
CL,NI,135
CL,NO,7448
CL,NZ,6116
CL,PA,3323
CL,PE,19221
CL,PT,249
CL,PY,2435
CL,SE,27831
CL,SI,43
CL,SK,35
CL,SV,235
CL,UY,1980
CL,VE,13728
CL,ZA,266
CM,AU,695
CM,BE,30634
CM,BG,33
CM,BO,15
CM,BR,723
CM,CA,43662
CM,CG,11167
CM,CL,281
CM,CN,2133
CM,CR,13
CM,CY,2001
CM,DK,1048
CM,DO,25
CM,EE,82
CM,EG,327
CM,FI,1288
CM,FR,127995
CM,GA,54949
CM,GH,147
CM,GN,181
CM,GQ,1033
CM,GR,1641
CM,HU,380
CM,IN,236
CM,IS,8
CM,IT,16244
CM,JP,1290
CM,LI,3
CM,LT,32
CM,LU,1425
CM,LV,4
CM,ML,2339
CM,MR,460
CM,MX,680
CM,NA,129
CM,NE,685
CM,NG,56288
CM,NO,905
CM,PT,92
CM,SI,24
CM,SK,16
CM,SN,1076
CM,TD,40472
CM,TG,707
CM,TN,797
CM,ZA,4916
CM,ZM,396
CN,AG,144
CN,AR,19955
CN,AT,19448
CN,AU,656264
CN,BB,42
CN,BD,219299
CN,BE,23856
CN,BG,2132
CN,BN,2397
CN,BO,1400
CN,BR,24462
CN,BS,194
CN,BT,986
CN,BW,5043
CN,BZ,2572
CN,CA,771973
CN,CG,912
CN,CH,30309
CN,CL,13126
CN,CO,1582
CN,CR,420
CN,CU,30
CN,CV,24
CN,CY,1689
CN,CZ,4799
CN,DE,168314
CN,DK,16145
CN,DM,38
CN,DO,4252
CN,EC,2452
CN,EE,504
CN,EG,34659
CN,ER,105
CN,ES,198909
CN,ET,26824
CN,FI,13671
CN,FJ,964
CN,FR,120595
CN,GA,371
CN,GB,179337
CN,GE,76
CN,GH,297
CN,GN,156
CN,GR,3678
CN,GT,775
CN,GY,1175
CN,HN,619
CN,HR,397
CN,HT,354
CN,HU,20818
CN,ID,82568
CN,IE,18391
CN,IL,1513
CN,IN,88321
CN,IS,1128
CN,IT,240895
CN,JP,809893
CN,KG,256
CN,KH,1721
CN,KP,29771
CN,KR,756684
CN,KZ,196398
CN,LA,15137
CN,LC,47
CN,LI,121
CN,LK,2509
CN,LS,276
CN,LT,201
CN,LU,4961
CN,LV,340
CN,LY,3467
CN,MG,2382
CN,MH,319
CN,ML,4529
CN,MM,36301
CN,MN,12085
CN,MR,185
CN,MT,1870
CN,MU,3007
CN,MX,12070
CN,MY,30524
CN,NA,3450
CN,NI,149
CN,NL,82477
CN,NO,15099
CN,NP,18757
CN,NR,265
CN,NZ,145906
CN,PA,34214
CN,PE,4560
CN,PG,87
CN,PH,27676
CN,PK,3568
CN,PL,703
CN,PT,13500
CN,PW,498
CN,PY,900
CN,RO,2359
CN,RS,2274
CN,RU,13724
CN,SB,188
CN,SC,527
CN,SD,2670
CN,SE,40898
CN,SG,533745
CN,SI,1262
CN,SK,1365
CN,SL,174
CN,SR,5913
CN,SV,266
CN,TG,525
CN,TH,85764
CN,TJ,46
CN,TL,927
CN,TO,109
CN,TR,29249
CN,TT,1383
CN,UA,6757
CN,US,2488775
CN,VE,12470
CN,VN,83887
CN,WS,44
CN,ZA,6189
CN,ZM,1645
CO,AR,53163
CO,AU,59674
CO,BE,9685
CO,BG,94
CO,BO,3685
CO,BR,10230
CO,BS,217
CO,CA,101001
CO,CH,17521
CO,CL,189185
CO,CN,951
CO,CR,30809
CO,CU,30
CO,CY,131
CO,DK,4100
CO,DO,3195
CO,EC,159966
CO,EE,58
CO,ES,792228
CO,FI,1446
CO,FR,43218
CO,GN,2436
CO,GR,429
CO,GT,1366
CO,HN,902
CO,HR,39
CO,HT,845
CO,HU,395
CO,IL,3652
CO,IS,388
CO,IT,45753
CO,JP,2655
CO,LI,46
CO,LT,20
CO,LU,595
CO,LV,12
CO,MX,51112
CO,NI,485
CO,NL,19517
CO,NO,6878
CO,NZ,4324
CO,PA,77349
CO,PE,25477
CO,PT,828
CO,SE,14267
CO,SI,77
CO,SK,75
CO,SV,593
CO,US,1008875
CO,VE,875552
CO,ZA,220
CR,AR,719
CR,AU,674
CR,BG,11
CR,BO,181
CR,BR,462
CR,BS,59
CR,CA,5117
CR,CL,1067
CR,CO,2070
CR,CY,1
CR,DK,220
CR,DO,345
CR,EC,431
CR,EE,12
CR,FI,86
CR,GN,108
CR,GR,39
CR,GT,1373
CR,HN,895
CR,HT,277
CR,HU,116
CR,IS,27
CR,IT,1840
CR,JM,102
CR,LI,4
CR,LU,33
CR,MX,4592
CR,NI,11707
CR,NO,356
CR,PA,14218
CR,PE,912
CR,SI,6
CR,SK,17
CR,SV,901
CR,VE,1012
CU,AG,20
CU,AR,4007
CU,AU,1008
CU,BB,58
CU,BG,414
CU,BO,2201
CU,BR,23151
CU,BS,454
CU,BY,42
CU,CA,23859
CU,CG,528
CU,CL,17467
CU,CN,587
CU,CO,3164
CU,CR,8336
CU,CV,93
CU,CY,36
CU,DK,663
CU,DM,11
CU,DO,3669
CU,EC,11964
CU,EE,33
CU,ES,215409
CU,FI,649
CU,GE,11
CU,GN,1657
CU,GR,379
CU,GT,779
CU,HN,635
CU,HT,1229
CU,HU,729
CU,IS,97
CU,IT,41658
CU,JM,1854
CU,LC,77
CU,LI,11
CU,LT,15
CU,LU,208
CU,LV,42
CU,MX,72440
CU,NA,753
CU,NI,1021
CU,NO,1226
CU,PA,3347
CU,PE,6676
CU,PL,259
CU,PT,2090
CU,RU,1513
CU,SC,43
CU,SI,108
CU,SK,166
CU,SV,131
CU,TL,27
CU,TT,3471
CU,US,1394750
CU,VE,10274
CU,ZA,455
CV,AO,9497
CV,BG,7
CV,BO,157
CV,BR,1430
CV,CO,255
CV,DK,43
CV,DO,3
CV,FI,15
CV,FR,34814
CV,GN,30
CV,GR,13
CV,GW,338
CV,HU,22
CV,IS,82
CV,IT,5847
CV,LU,8211
CV,MZ,7107
CV,NO,451
CV,PT,76835
CV,SI,3
CV,SL,82
CV,ST,1115
CV,TG,39
CY,AR,356
CY,AU,16610
CY,BG,2034
CY,BO,2
CY,CA,3907
CY,CF,6
CY,CR,4
CY,DK,401
CY,EE,48
CY,FI,239
CY,GR,23412
CY,HU,362
CY,IS,17
CY,IT,474
CY,LK,254
CY,LT,54
CY,LU,166
CY,LV,54
CY,MT,228
CY,NO,234
CY,PT,35
CY,SI,11
CY,SK,186
CY,TR,30993
CY,VE,12
CY,ZA,661
CZ,AR,10
CZ,AT,32780
CZ,AU,10450
CZ,BG,2108
CZ,BO,64
CZ,BR,15
CZ,BY,92
CZ,CA,18417
CZ,CH,16719
CZ,CL,201
CZ,CU,17
CZ,CY,710
CZ,DE,344686
CZ,DK,2331
CZ,DO,31
CZ,EE,308
CZ,EG,425
CZ,FI,391
CZ,GE,34
CZ,GR,4797
CZ,HR,849
CZ,HU,1754
CZ,IL,17662
CZ,IS,1223
CZ,IT,9387
CZ,LI,67
CZ,LT,126
CZ,LU,1226
CZ,LV,146
CZ,ME,118
CZ,MK,52
CZ,MN,19
CZ,MT,421
CZ,MX,316
CZ,NA,83
CZ,NO,2474
CZ,NZ,2569
CZ,PA,69
CZ,PL,5227
CZ,PT,317
CZ,RS,964
CZ,RU,4978
CZ,SI,433
CZ,SK,97359
CZ,VE,337
CZ,ZA,452
DE,AD,387
DE,AG,88
DE,AM,530
DE,AR,4642
DE,AT,268460
DE,AU,99593
DE,AZ,183
DE,BA,488
DE,BE,79619
DE,BG,17311
DE,BO,2513
DE,BR,18078
DE,BS,326
DE,BT,28
DE,BW,355
DE,BY,63
DE,BZ,84
DE,CA,118463
DE,CG,571
DE,CH,371816
DE,CL,6408
DE,CM,377
DE,CN,12294
DE,CO,2248
DE,CR,2701
DE,CU,75
DE,CV,72
DE,CY,2741
DE,CZ,9238
DE,DK,44855
DE,DM,30
DE,DO,2090
DE,DZ,789
DE,EC,1100
DE,EE,2554
DE,EG,11205
DE,ES,174637
DE,FI,8045
DE,FR,189761
DE,GA,93
DE,GB,287772
DE,GE,647
DE,GN,23
DE,GR,123912
DE,GT,756
DE,HN,302
DE,HR,30277
DE,HT,916
DE,HU,42037
DE,IE,15484
DE,IL,27015
DE,IN,1366
DE,IS,3243
DE,IT,194597
DE,JP,8181
DE,KG,1734
DE,KH,41
DE,KZ,2608
DE,LC,46
DE,LI,2044
DE,LK,566
DE,LR,133
DE,LT,2202
DE,LU,19730
DE,LV,1992
DE,LY,7931
DE,MA,1685
DE,MD,429
DE,ME,1867
DE,MK,41
DE,MN,206
DE,MT,5160
DE,MU,137
DE,MV,290
DE,MX,7151
DE,NA,10070
DE,NI,325
DE,NL,125024
DE,NO,31499
DE,NZ,16172
DE,PA,1951
DE,PE,1680
DE,PH,1551
DE,PL,86793
DE,PT,34724
DE,PY,1916
DE,RO,18432
DE,RS,17967
DE,RU,60040
DE,SC,86
DE,SE,56910
DE,SI,8709
DE,SK,6742
DE,SL,30
DE,SN,927
DE,SV,233
DE,TG,202
DE,TH,31844
DE,TJ,132
DE,TM,1023
DE,TN,1615
DE,TR,363563
DE,TT,403
DE,TZ,934
DE,UA,1114
DE,US,1137577
DE,UY,2129
DE,UZ,8491
DE,VE,3786
DE,WS,32
DE,ZA,9935
DE,ZM,452
DJ,AU,204
DJ,BG,3
DJ,CY,1
DJ,DK,22
DJ,EG,223
DJ,ET,1364
DJ,FI,14
DJ,GN,15
DJ,GR,40
DJ,HU,4
DJ,LU,12
DJ,LY,1606
DJ,NO,68
DK,AD,126
DK,AR,472
DK,AU,8927
DK,BG,763
DK,BO,132
DK,BR,564
DK,BS,16
DK,BT,39
DK,BW,363
DK,BY,193
DK,CA,9798
DK,CF,1
DK,CL,297
DK,CN,837
DK,CR,91
DK,CY,174
DK,DO,27
DK,EE,229
DK,EG,616
DK,FI,1321
DK,GN,61
DK,GR,974
DK,HR,90
DK,HU,758
DK,IL,2383
DK,IS,5917
DK,IT,3005
DK,JP,937
DK,LI,16
DK,LT,637
DK,LU,1846
DK,LV,219
DK,LY,868
DK,ME,95
DK,MT,683
DK,MX,359
DK,NA,124
DK,NI,55
DK,NO,27624
DK,PA,268
DK,PE,203
DK,PL,3551
DK,PT,507
DK,RO,58
DK,RS,340
DK,SE,37372
DK,SI,78
DK,SK,354
DK,TJ,129
DK,VE,130
DK,ZA,594
DM,AG,5148
DM,BB,342
DM,BO,3
DM,BS,84
DM,CR,7
DM,DK,18
DM,DO,15
DM,FI,8
DM,GD,75
DM,GN,11
DM,GR,17
DM,GY,43
DM,HU,2
DM,IS,3
DM,JM,140
DM,KN,212
DM,LC,241
DM,LU,2
DM,NO,24
DM,PA,104
DM,SK,2
DM,VC,87
DO,AG,1934
DO,AR,8231
DO,AU,313
DO,BE,3608
DO,BG,77
DO,BO,143
DO,BR,906
DO,BS,328
DO,CA,15172
DO,CH,13870
DO,CL,18210
DO,CO,1198
DO,CR,1589
DO,CU,10
DO,CY,8
DO,DK,271
DO,EC,736
DO,EE,5
DO,ES,202074
DO,FI,241
DO,GR,611
DO,GT,126
DO,HN,139
DO,HT,2464
DO,HU,70
DO,IS,88
DO,IT,50413
DO,LC,34
DO,LI,98
DO,LU,594
DO,MX,5267
DO,NI,74
DO,NO,1071
DO,PA,14815
DO,PE,1825
DO,PT,172
DO,SI,226
DO,SK,28
DO,SV,73
DO,US,1483418
DO,VE,13260
DZ,AR,229
DZ,AU,1643
DZ,BE,30393
DZ,BG,633
DZ,BO,3
DZ,BR,250
DZ,BY,50
DZ,CA,96774
DZ,CH,11016
DZ,CN,379
DZ,CR,17
DZ,CU,6
DZ,CY,36
DZ,DK,1053
DZ,EE,33
DZ,EG,465
DZ,ES,83122
DZ,FI,1194
DZ,FR,1405235
DZ,GA,117
DZ,GE,16
DZ,GH,15
DZ,GN,6542
DZ,GR,432
DZ,HR,48
DZ,HU,1096
DZ,IL,53589
DZ,IS,103
DZ,IT,21682
DZ,LI,6
DZ,LT,12
DZ,LU,1286
DZ,LV,17
DZ,LY,4049
DZ,MA,15731
DZ,ML,621
DZ,MR,1922
DZ,MT,269
DZ,MX,205
DZ,NA,536
DZ,NE,758
DZ,NI,121
DZ,NO,1427
DZ,PL,826
DZ,PT,294
DZ,SI,45
DZ,SK,136
DZ,SN,4447
DZ,TJ,128
DZ,TN,11622
DZ,TR,16719
DZ,VE,85
DZ,ZA,855
EC,AR,9704
EC,AU,3550
EC,BE,7478
EC,BG,39
EC,BO,1245
EC,BR,2181
EC,BS,47
EC,CA,16675
EC,CL,46245
EC,CN,807
EC,CO,21357
EC,CR,1842
EC,CU,33
EC,CY,6
EC,DK,777
EC,DO,653
EC,EE,24
EC,ES,432111
EC,FI,265
EC,GR,90
EC,GT,196
EC,HN,478
EC,HU,258
EC,IS,83
EC,IT,76883
EC,LI,13
EC,LT,5
EC,LU,233
EC,LV,3
EC,MX,7582
EC,NI,119
EC,NO,926
EC,PA,4883
EC,PE,10046
EC,PT,575
EC,SI,11
EC,SK,52
EC,SV,126
EC,US,561895
EC,VE,33255
EE,AR,224
EE,AU,3498
EE,AZ,10
EE,BG,142
EE,BO,7
EE,BR,210
EE,BS,16
EE,BY,3157
EE,CL,385
EE,CR,4
EE,CY,28
EE,DK,1483
EE,FI,55655
EE,GE,124
EE,GR,138
EE,HR,16
EE,HU,189
EE,IS,269
EE,IT,1524
EE,KG,545
EE,KZ,1346
EE,LI,1
EE,LT,866
EE,LU,690
EE,LV,2622
EE,MD,57
EE,NO,5273
EE,PT,163
EE,RU,24906
EE,SE,9461
EE,SI,27
EE,SK,75
EE,UA,10531
EE,VE,45
EE,ZA,529
EG,AE,841883
EG,AG,9
EG,AR,298
EG,AT,16395
EG,AU,46879
EG,BE,6288
EG,BG,492
EG,BH,84943
EG,BO,25
EG,BR,3808
EG,BS,33
EG,CA,79528
EG,CF,42
EG,CN,1423
EG,CR,16
EG,CY,5473
EG,CZ,1315
EG,DK,2187
EG,EE,164
EG,FI,1772
EG,FR,36806
EG,GH,48
EG,GN,23
EG,GR,30630
EG,GT,35
EG,HR,221
EG,HU,2619
EG,IL,24428
EG,IQ,14705
EG,IS,68
EG,IT,157018
EG,JO,767948
EG,JP,2236
EG,KW,449863
EG,LB,10620
EG,LI,20
EG,LK,132
EG,LT,91
EG,LU,401
EG,LV,74
EG,LY,23699
EG,MA,2176
EG,MK,1978
EG,ML,952
EG,MR,263
EG,MT,2451
EG,MV,41
EG,MX,349
EG,NA,191
EG,NL,20227
EG,NO,1507
EG,OM,84977
EG,PA,133
EG,PL,3184
EG,PS,21564
EG,PT,540
EG,QA,192680
EG,RU,5856
EG,SA,1498313
EG,SD,32270
EG,SE,12132
EG,SI,161
EG,SK,283
EG,SS,5465
EG,TN,1267
EG,TR,42894
EG,US,262714
EG,VE,165
EG,YE,7857
EG,ZA,2476
EG,ZM,265
ER,AE,18093
ER,AU,6928
ER,BE,5434
ER,BG,18
ER,BH,1824
ER,CA,42246
ER,CH,31946
ER,CY,1
ER,DK,5985
ER,EG,32390
ER,ET,176860
ER,FI,1019
ER,GN,19
ER,GR,1416
ER,HU,47
ER,ID,171
ER,IL,7896
ER,IQ,824
ER,IS,14
ER,IT,9107
ER,KE,1749
ER,KW,5478
ER,LI,17
ER,LT,32
ER,LU,810
ER,LV,5
ER,LY,5815
ER,MT,3516
ER,NL,27133
ER,NO,25546
ER,QA,6174
ER,SD,384053
ER,SE,59751
ER,SI,73
ER,SO,48
ER,SS,3524
ER,UG,41731
ER,VE,24
ER,YE,1966
ER,ZA,3109
ES,AD,23577
ES,AG,11
ES,AR,54371
ES,AT,10355
ES,AU,19279
ES,BE,58242
ES,BG,10245
ES,BO,15148
ES,BR,33197
ES,BS,124
ES,BY,33
ES,CA,11315
ES,CH,71167
ES,CL,18086
ES,CN,2945
ES,CO,19547
ES,CR,3132
ES,CU,357
ES,CV,157
ES,CY,162
ES,CZ,2806
ES,DE,166899
ES,DK,10780
ES,DO,7844
ES,EC,21320
ES,EE,744
ES,EG,786
ES,FI,3586
ES,FR,254830
ES,GB,211894
ES,GE,17
ES,GN,1101
ES,GQ,1658
ES,GR,1277
ES,GT,1560
ES,HN,546
ES,HR,167
ES,HT,1327
ES,HU,3066
ES,IE,20849
ES,IL,1993
ES,IS,1497
ES,IT,37029
ES,JP,3896
ES,LI,285
ES,LK,34
ES,LR,40
ES,LT,878
ES,LU,6528
ES,LV,203
ES,LY,818
ES,MA,4797
ES,MD,303
ES,MR,97
ES,MT,787
ES,MU,26
ES,MX,21623
ES,NA,380
ES,NI,498
ES,NL,43909
ES,NO,8173
ES,PA,6784
ES,PE,13320
ES,PL,12179
ES,PT,20446
ES,PY,1018
ES,RO,85101
ES,RS,276
ES,RU,1672
ES,SC,23
ES,SE,15166
ES,SI,231
ES,SK,1418
ES,SV,549
ES,US,168755
ES,UY,24980
ES,VE,67085
ES,ZA,641
ET,AE,10340
ET,AG,95
ET,AU,17141
ET,BE,8073
ET,BG,87
ET,BH,1040
ET,BO,2
ET,BY,23
ET,CA,46425
ET,CL,222
ET,CN,1704
ET,CR,1
ET,CY,83
ET,DJ,13235
ET,DK,2443
ET,EE,14
ET,EG,17747
ET,ER,84
ET,FI,2891
ET,GH,37
ET,GN,10
ET,GR,2620
ET,HU,235
ET,ID,119
ET,IL,101417
ET,IS,133
ET,IT,25419
ET,KE,30353
ET,KW,4166
ET,LB,50432
ET,LI,10
ET,LT,2
ET,LU,282
ET,LY,2063
ET,MT,1797
ET,NA,233
ET,NI,86
ET,NL,22584
ET,NO,10556
ET,PT,36
ET,QA,1781
ET,SA,180746
ET,SD,121969
ET,SE,24644
ET,SI,17
ET,SK,42
ET,SO,28964
ET,SS,13582
ET,SZ,28
ET,UG,10059
ET,US,363811
ET,VE,31
ET,YE,16283
ET,ZA,104402
FI,AU,7752
FI,BE,2596
FI,BG,290
FI,BO,48
FI,BR,626
FI,BY,2055
FI,CA,7526
FI,CL,264
FI,CN,575
FI,CR,31
FI,CY,519
FI,DK,3948
FI,DO,29
FI,EE,6040
FI,EG,236
FI,GE,10
FI,GN,4
FI,GR,833
FI,HR,34
FI,HU,1088
FI,IL,687
FI,IS,356
FI,IT,2577
FI,KG,109
FI,LI,9
FI,LK,61
FI,LT,173
FI,LU,1333
FI,LV,139
FI,LY,936
FI,MN,2
FI,MT,407
FI,MX,222
FI,NA,86
FI,NO,7986
FI,PA,84
FI,PL,652
FI,PT,429
FI,RO,71
FI,RU,1227
FI,SE,129139
FI,SI,44
FI,SK,226
FI,VE,64
FI,ZA,288
FJ,AU,83435
FJ,CA,24028
FJ,CR,1
FJ,CY,1
FJ,DK,30
FJ,FI,11
FJ,GN,1
FJ,HU,5
FJ,IN,108
FJ,KI,561
FJ,LU,5
FJ,MH,117
FJ,NO,46
FJ,NR,122
FJ,NZ,70552
FJ,PG,83
FJ,SB,98
FJ,TO,450
FJ,TV,57
FJ,VU,239
FJ,WS,105
FM,GN,1
FM,MH,247
FM,PW,421
FR,AD,4455
FR,AE,16977
FR,AG,43
FR,AR,4394
FR,AT,10544
FR,AU,40681
FR,BA,153
FR,BE,196995
FR,BG,4154
FR,BH,1715
FR,BI,402
FR,BJ,1487
FR,BO,1537
FR,BR,11237
FR,BS,161
FR,BT,31
FR,CA,131039
FR,CF,10823
FR,CG,10198
FR,CH,195100
FR,CL,6250
FR,CM,5968
FR,CN,10089
FR,CO,3574
FR,CR,1262
FR,CU,49
FR,CV,221
FR,CY,964
FR,CZ,4320
FR,DE,155932
FR,DK,10002
FR,DM,82
FR,DO,4200
FR,DZ,563
FR,EC,787
FR,EE,978
FR,EG,2419
FR,ER,341
FR,ES,217960
FR,FI,3159
FR,GA,17428
FR,GB,174571
FR,GE,40
FR,GH,284
FR,GN,229
FR,GQ,5917
FR,GR,7251
FR,GT,302
FR,GW,66
FR,HN,149
FR,HR,1577
FR,HT,450
FR,HU,5708
FR,IE,15924
FR,IL,43511
FR,IN,888
FR,IS,1374
FR,IT,115100
FR,JP,15078
FR,KH,311
FR,KM,477
FR,KW,5575
FR,LC,49
FR,LI,138
FR,LK,303
FR,LR,42
FR,LT,547
FR,LU,49649
FR,LV,257
FR,LY,5670
FR,MA,41301
FR,MC,7938
FR,MD,357
FR,ME,442
FR,MG,10776
FR,ML,7061
FR,MN,91
FR,MT,2253
FR,MU,1532
FR,MV,133
FR,MX,9938
FR,NA,594
FR,NI,160
FR,NL,38275
FR,NO,7423
FR,NZ,7445
FR,PA,1774
FR,PE,1804
FR,PL,22881
FR,PT,117183
FR,PY,707
FR,QA,1133
FR,RO,11775
FR,RS,6141
FR,RU,2013
FR,SC,246
FR,SE,14381
FR,SI,1340
FR,SK,3308
FR,SM,32
FR,SN,14719
FR,SV,219
FR,TD,1381
FR,TG,804
FR,TH,30148
FR,TN,9616
FR,TR,52315
FR,US,253094
FR,UY,722
FR,VE,3395
FR,VU,565
FR,WS,6
FR,ZA,3082
FR,ZM,111
GA,AU,57
GA,BG,11
GA,CG,3125
GA,CM,1363
GA,CR,1
GA,CV,7
GA,DK,16
GA,FI,16
GA,FR,36785
GA,GN,68
GA,GQ,331
GA,GR,5
GA,HU,8
GA,IT,662
GA,LU,94
GA,ML,15565
GA,MR,97
GA,NO,12
GA,PT,728
GA,ST,192
GA,TD,455
GA,TG,910
GA,ZA,652
GB,AD,1206
GB,AE,27318
GB,AG,1076
GB,AR,2014
GB,AT,13841
GB,AU,1107102
GB,BB,2560
GB,BD,45091
GB,BE,22271
GB,BG,16476
GB,BH,2748
GB,BN,2397
GB,BO,1121
GB,BR,6230
GB,BS,2259
GB,BT,37
GB,BW,1388
GB,BY,448
GB,BZ,512
GB,CA,427526
GB,CH,48706
GB,CL,2912
GB,CM,327
GB,CN,13630
GB,CO,1873
GB,CR,751
GB,CU,22
GB,CV,55
GB,CY,38082
GB,CZ,10153
GB,DK,23607
GB,DM,659
GB,DO,543
GB,DZ,810
GB,EC,694
GB,EE,1322
GB,EG,15793
GB,ER,43
GB,ES,294986
GB,FI,7604
GB,FJ,355
GB,FR,163042
GB,GE,34
GB,GH,1782
GB,GN,6
GB,GR,19156
GB,GT,262
GB,GY,586
GB,HN,105
GB,HR,598
GB,HU,17771
GB,ID,1753
GB,IE,293559
GB,IL,26577
GB,IN,5693
GB,IS,2804
GB,IT,67246
GB,JM,4909
GB,JP,19617
GB,KH,103
GB,KI,7
GB,KP,315
GB,KW,10889
GB,LC,735
GB,LI,70
GB,LK,1205
GB,LR,166
GB,LT,6975
GB,LU,6507
GB,LV,3418
GB,LY,8159
GB,MA,1418
GB,MD,156
GB,ME,101
GB,MN,111
GB,MT,54739
GB,MU,462
GB,MV,118
GB,MW,1055
GB,MX,4322
GB,MY,3522
GB,NA,1907
GB,NI,76
GB,NL,62657
GB,NO,22172
GB,NZ,254524
GB,PA,3695
GB,PE,1250
GB,PG,1626
GB,PH,1532
GB,PL,184964
GB,PT,23725
GB,PY,199
GB,QA,7210
GB,RO,48738
GB,RS,927
GB,RU,1200
GB,SB,37
GB,SC,300
GB,SE,34445
GB,SI,839
GB,SK,9987
GB,SL,131
GB,SV,92
GB,TH,116582
GB,TJ,314
GB,TR,40743
GB,TT,3784
GB,TZ,1025
GB,UG,62
GB,US,894789
GB,UY,698
GB,VC,843
GB,VE,1621
GB,VU,117
GB,WS,19
GB,ZA,55144
GB,ZM,2100
GB,ZW,13101
GD,AG,206
GD,AU,143
GD,BB,395
GD,BS,36
GD,CA,9873
GD,CR,11
GD,CU,11
GD,DK,13
GD,FI,1
GD,GY,195
GD,HU,4
GD,JM,210
GD,KN,60
GD,LC,155
GD,LU,2
GD,ML,484
GD,NO,18
GD,PA,47
GD,SK,1
GD,TT,12827
GD,VC,458
GD,VE,145
GE,AM,30983
GE,AT,4209
GE,AU,865
GE,AZ,18215
GE,BG,677
GE,BO,2
GE,BY,8283
GE,CL,252
GE,CR,17
GE,CY,16136
GE,CZ,1636
GE,DK,389
GE,EE,1804
GE,ES,30621
GE,FI,131
GE,GR,90365
GE,HU,426
GE,IL,8167
GE,IS,79
GE,IT,33454
GE,KG,3116
GE,KZ,12026
GE,LI,2
GE,LT,514
GE,LU,112
GE,LV,1183
GE,MD,299
GE,MT,202
GE,NO,376
GE,PA,104
GE,PL,1197
GE,PT,1379
GE,RU,139333
GE,SI,35
GE,SK,101
GE,TJ,666
GE,TR,22770
GE,UA,66350
GE,VE,10
GH,AG,32
GH,AU,8327
GH,BE,12780
GH,BF,34219
GH,BG,40
GH,BJ,17211
GH,BO,17
GH,BR,599
GH,BS,52
GH,CA,26394
GH,CI,97313
GH,CN,3252
GH,CR,1
GH,CV,45
GH,CY,86
GH,DK,2801
GH,EE,60
GH,ES,24178
GH,FI,2142
GH,GA,6900
GH,GB,154782
GH,GN,545
GH,GR,646
GH,HU,334
GH,IL,419
GH,IS,201
GH,IT,48828
GH,JP,2838
GH,LC,16
GH,LR,6196
GH,LS,203
GH,LT,8
GH,LU,77
GH,LV,6
GH,LY,692
GH,ML,6574
GH,MR,240
GH,MT,349
GH,MX,714
GH,NA,157
GH,NE,2769
GH,NG,255531
GH,NL,16779
GH,NO,2328
GH,PT,245
GH,SI,67
GH,SK,29
GH,SL,874
GH,SN,1892
GH,TG,47579
GH,US,258358
GH,VE,29
GH,ZA,8409
GH,ZM,284
GM,AU,141
GM,BG,12
GM,BR,78
GM,CV,4
GM,DK,733
GM,EE,2
GM,ES,29653
GM,FI,1062
GM,GH,2109
GM,GN,259
GM,GR,52
GM,GW,917
GM,HU,15
GM,IS,29
GM,IT,26164
GM,LR,519
GM,LU,88
GM,LV,1
GM,ML,1629
GM,NA,93
GM,NO,1392
GM,PT,144
GM,SI,22
GM,SK,4
GM,SL,487
GM,SN,5764
GM,TG,1079
GN,AO,18697
GN,AU,1175
GN,BE,21859
GN,BG,12
GN,BO,10
GN,BR,443
GN,CA,7598
GN,CI,111634
GN,CM,5918
GN,CN,724
GN,CV,456
GN,DK,136
GN,EE,1
GN,EG,200
GN,FI,131
GN,FR,92446
GN,GA,5396
GN,GH,178
GN,GM,49508
GN,GR,187
GN,GW,3032
GN,HU,71
GN,IS,35
GN,IT,14112
GN,LR,22216
GN,LT,1
GN,LU,484
GN,MA,1151
GN,ML,47098
GN,MR,3650
GN,MX,488
GN,NA,56
GN,NO,331
GN,PT,5805
GN,SI,7
GN,SK,7
GN,SL,33542
GN,SN,54779
GN,TG,3392
GN,ZA,201
GQ,CG,1562
GQ,CM,4341
GQ,CN,602
GQ,DK,13
GQ,ES,24372
GQ,FI,12
GQ,GA,94354
GQ,GN,9933
GQ,GR,7
GQ,HU,6
GQ,IS,36
GQ,LU,9
GQ,ML,1056
GQ,NO,14
GQ,PT,282
GQ,ST,118
GQ,TG,108
GR,AL,28166
GR,AM,10
GR,AR,799
GR,AT,8581
GR,AU,89351
GR,BE,19720
GR,BG,11085
GR,BO,31
GR,BR,1593
GR,BS,102
GR,BY,104
GR,CA,50296
GR,CH,19484
GR,CL,224
GR,CM,244
GR,CR,47
GR,CY,25031
GR,CZ,2415
GR,DE,242582
GR,DK,5226
GR,DO,70
GR,EE,174
GR,EG,91
GR,FI,1971
GR,GE,168
GR,HR,130
GR,HU,1605
GR,IL,1239
GR,IS,273
GR,IT,15677
GR,LI,50
GR,LK,90
GR,LT,109
GR,LU,3654
GR,LV,47
GR,LY,2951
GR,MD,351
GR,ME,55
GR,MK,233
GR,MT,398
GR,MX,256
GR,NL,30769
GR,NO,3727
GR,PA,593
GR,PL,6389
GR,PT,238
GR,RO,7786
GR,RS,6269
GR,RU,2381
GR,SE,21838
GR,SI,144
GR,SK,706
GR,TR,31548
GR,US,130822
GR,VE,659
GR,ZA,1558
GT,AR,553
GT,AU,788
GT,BG,6
GT,BO,176
GT,BR,372
GT,BS,38
GT,BZ,29643
GT,CA,18187
GT,CL,771
GT,CO,979
GT,CR,3852
GT,CU,13
GT,DK,319
GT,DO,481
GT,EC,334
GT,EE,10
GT,FI,100
GT,GR,32
GT,HN,4796
GT,HU,38
GT,IS,54
GT,IT,2492
GT,JM,312
GT,LC,1
GT,LU,139
GT,LV,1
GT,MX,81012
GT,NI,1912
GT,NO,525
GT,PA,2937
GT,PE,541
GT,PT,36
GT,SI,1
GT,SK,5
GT,SV,9157
GT,US,1298936
GT,VE,384
GW,BG,4
GW,BR,1521
GW,CV,5576
GW,DK,151
GW,FI,9
GW,GM,15119
GW,GN,4217
GW,HU,12
GW,IS,3
GW,IT,3131
GW,LR,330
GW,LU,1751
GW,LY,348
GW,ML,465
GW,MR,1415
GW,NO,76
GW,PT,36682
GW,SI,40
GW,SK,1
GW,SL,605
GW,SN,31321
GW,TG,131
GY,AG,7064
GY,AU,568
GY,BB,6728
GY,BG,4
GY,BO,6
GY,BR,2477
GY,BS,1513
GY,CA,81615
GY,CR,40
GY,DK,102
GY,DM,197
GY,DO,25
GY,EE,2
GY,FI,19
GY,GD,371
GY,GR,8
GY,HU,11
GY,IS,35
GY,KN,829
GY,LC,2045
GY,LT,1
GY,LU,13
GY,NO,101
GY,PA,87
GY,SR,14720
GY,TT,15720
GY,US,314783
GY,VC,253
GY,VE,8227
GY,ZA,303
HN,AG,6
HN,AR,574
HN,AU,495
HN,BG,6
HN,BO,287
HN,BS,47
HN,BZ,10835
HN,CA,9817
HN,CL,856
HN,CO,795
HN,CR,5682
HN,CY,1
HN,DK,186
HN,DO,477
HN,EC,426
HN,EE,12
HN,ES,218548
HN,FI,108
HN,GN,276
HN,GR,52
HN,GT,9924
HN,HU,11
HN,IS,91
HN,IT,4756
HN,JM,165
HN,LT,1
HN,LU,28
HN,MX,166398
HN,NI,13606
HN,NO,148
HN,PA,2741
HN,PE,481
HN,SI,2
HN,SK,4
HN,SV,12039
HN,US,934727
HN,VE,262
HR,AR,765
HR,AT,59348
HR,AU,47534
HR,BA,11319
HR,BG,172
HR,BO,46
HR,BR,664
HR,CA,35035
HR,CH,19802
HR,CL,293
HR,CR,34
HR,CY,86
HR,CZ,2048
HR,DE,271197
HR,DK,3200
HR,EE,48
HR,FI,345
HR,GB,15398
HR,GN,16
HR,GR,462
HR,HU,2692
HR,IE,15615
HR,IS,1081
HR,IT,20875
HR,LI,123
HR,LT,37
HR,LU,1010
HR,LV,7
HR,ME,15398
HR,MK,1443
HR,ML,1282
HR,MT,377
HR,NO,5445
HR,PA,185
HR,PL,418
HR,PT,102
HR,RS,223325
HR,SE,14041
HR,SI,52829
HR,SK,1350
HR,VE,367
HR,ZA,323
HT,AG,34
HT,AR,1790
HT,AU,130
HT,BB,32
HT,BG,6
HT,BO,18
HT,BR,88383
HT,BS,31353
HT,BZ,66
HT,CA,107237
HT,CL,172050
HT,CR,103
HT,CU,38
HT,CY,1
HT,DK,170
HT,DM,2585
HT,DO,535116
HT,EC,333
HT,FI,13
HT,FR,116971
HT,GN,21
HT,GR,39
HT,GT,14
HT,HN,44
HT,HU,9
HT,IS,20
HT,IT,1021
HT,LC,21
HT,LK,36
HT,LU,89
HT,MX,91622
HT,NI,24
HT,NO,57
HT,PA,993
HT,PE,256
HT,SI,1
HT,SK,4
HT,US,798232
HT,VE,1708
HU,AR,10
HU,AT,96849
HU,AU,16317
HU,BA,140
HU,BE,8518
HU,BG,538
HU,BO,32
HU,BR,1563
HU,BY,331
HU,CA,28068
HU,CH,29553
HU,CL,335
HU,CR,107
HU,CU,6
HU,CY,363
HU,CZ,3095
HU,DE,212221
HU,DK,6940
HU,DO,23
HU,EE,251
HU,FI,2797
HU,GE,49
HU,GR,1871
HU,HR,935
HU,IE,8628
HU,IL,13993
HU,IS,763
HU,IT,12815
HU,LI,86
HU,LT,147
HU,LU,2100
HU,LV,169
HU,LY,381
HU,MD,60
HU,ME,46
HU,MK,80
HU,MN,11
HU,MT,749
HU,MX,374
HU,NL,22720
HU,NO,4788
HU,PA,105
HU,PL,1818
HU,PT,511
HU,RO,9504
HU,RS,4677
HU,RU,6932
HU,SE,16739
HU,SI,529
HU,SK,17710
HU,VE,922
HU,ZA,525
ID,AE,298351
ID,AU,104566
ID,BD,205947
ID,BE,3816
ID,BG,87
ID,BH,30062
ID,BN,7195
ID,BO,11
ID,BR,847
ID,BS,36
ID,CA,16815
ID,CN,3725
ID,CR,24
ID,CY,179
ID,DK,1546
ID,DZ,1467
ID,EE,41
ID,EG,3074
ID,FI,835
ID,GR,478
ID,GT,46
ID,HR,22
ID,HU,669
ID,IN,780
ID,IS,239
ID,IT,4226
ID,JP,157343
ID,KH,117
ID,KP,1470
ID,KR,27807
ID,KW,115347
ID,LI,10
ID,LK,327
ID,LT,11
ID,LU,140
ID,LV,3
ID,LY,14740
ID,MT,110
ID,MX,208
ID,MY,1761502
ID,NA,100
ID,NL,100339
ID,NO,1903
ID,NZ,7817
ID,PA,246
ID,PG,13638
ID,PK,380
ID,PT,317
ID,QA,46021
ID,SA,169846
ID,SB,66
ID,SC,145
ID,SG,180437
ID,SI,77
ID,SK,54
ID,TL,4066
ID,TR,15386
ID,VE,52
ID,ZA,532
IE,AR,340
IE,AU,90203
IE,BE,3823
IE,BG,529
IE,BO,95
IE,BR,208
IE,BS,65
IE,BW,661
IE,BY,22
IE,CA,28912
IE,CF,11
IE,CN,1102
IE,CR,42
IE,CY,817
IE,CZ,1149
IE,DK,2603
IE,DO,36
IE,EE,336
IE,ES,19990
IE,FI,786
IE,GB,360446
IE,GR,637
IE,HR,46
IE,HU,2413
IE,IN,155
IE,IS,227
IE,IT,4101
IE,JP,1295
IE,LC,15
IE,LI,19
IE,LT,1886
IE,LU,1651
IE,LV,862
IE,MD,163
IE,MN,7
IE,MT,1424
IE,MU,49
IE,MX,370
IE,NA,65
IE,NI,25
IE,NO,1289
IE,NZ,8989
IE,PA,166
IE,PE,253
IE,PG,41
IE,PL,34300
IE,PT,2013
IE,RO,2476
IE,SI,66
IE,SK,1624
IE,SV,11
IE,US,125844
IE,VE,54
IE,ZA,2575
IL,AR,1455
IL,AU,11821
IL,BE,3589
IL,BG,1133
IL,BO,224
IL,BR,2367
IL,BY,376
IL,CA,30362
IL,CL,632
IL,CN,602
IL,CO,341
IL,CR,245
IL,CY,402
IL,DK,2053
IL,DO,68
IL,EC,199
IL,EE,104
IL,EG,7095
IL,FI,933
IL,GA,15
IL,GE,31
IL,GH,57
IL,GN,9
IL,GR,770
IL,GT,154
IL,HN,93
IL,HR,47
IL,HU,2239
IL,IS,68
IL,IT,4033
IL,KZ,261
IL,LI,3
IL,LK,55
IL,LT,154
IL,LU,273
IL,LV,99
IL,MD,300
IL,ML,1750
IL,MT,54
IL,MX,1268
IL,NA,119
IL,NO,989
IL,PA,2041
IL,PE,570
IL,PL,681
IL,PS,62857
IL,PT,435
IL,RO,2642
IL,RU,2601
IL,SI,57
IL,SK,263
IL,SV,44
IL,UA,3864
IL,US,170342
IL,VE,420
IL,ZA,1106
IN,AE,3248545
IN,AG,84
IN,AT,19411
IN,AU,876074
IN,BB,471
IN,BD,46385
IN,BE,33480
IN,BG,760
IN,BH,327698
IN,BN,3596
IN,BO,132
IN,BR,2433
IN,BS,677
IN,BT,48810
IN,BW,5964
IN,BY,45
IN,BZ,742
IN,CA,1015630
IN,CH,27635
IN,CL,1865
IN,CN,7765
IN,CO,503
IN,CR,77
IN,CY,2900
IN,CZ,5675
IN,DE,267343
IN,DK,20963
IN,DM,28
IN,DO,105
IN,EC,317
IN,EE,725
IN,EG,1141
IN,ER,92
IN,ES,66624
IN,FI,8186
IN,FJ,1347
IN,FR,66688
IN,GB,1044779
IN,GE,31
IN,GH,1116
IN,GN,44
IN,GR,10998
IN,HR,58
IN,HU,3795
IN,ID,22758
IN,IE,70228
IN,IL,23441
IN,IQ,237
IN,IS,588
IN,IT,186967
IN,JM,1166
IN,JP,49313
IN,KH,107
IN,KP,377
IN,KW,1231094
IN,KZ,1190
IN,LC,207
IN,LI,29
IN,LK,10957
IN,LR,520
IN,LS,522
IN,LT,597
IN,LU,3224
IN,LV,1188
IN,LY,5462
IN,MG,1902
IN,MM,28256
IN,MN,124
IN,MT,1375
IN,MU,8855
IN,MV,15642
IN,MW,1727
IN,MX,3620
IN,MY,139751
IN,MZ,2559
IN,NA,747
IN,NI,25
IN,NL,76806
IN,NO,16374
IN,NP,412190
IN,NZ,149677
IN,OM,803105
IN,PA,8212
IN,PE,599
IN,PG,157
IN,PH,19801
IN,PK,1597134
IN,PL,1624
IN,PT,10076
IN,QA,736955
IN,RS,714
IN,RU,7456
IN,SA,1953496
IN,SC,6735
IN,SD,3066
IN,SE,62598
IN,SG,377038
IN,SI,265
IN,SK,211
IN,SL,892
IN,SS,1501
IN,SV,11
IN,TH,56847
IN,TJ,620
IN,TO,169
IN,TT,1531
IN,TZ,7744
IN,UA,3931
IN,US,3165238
IN,VE,231
IN,ZA,27674
IN,ZM,7569
IQ,AM,1346
IQ,AT,17372
IQ,AU,112467
IQ,BE,24557
IQ,BG,1910
IQ,BO,11
IQ,BR,967
IQ,CA,98416
IQ,CH,12464
IQ,CL,325
IQ,CN,482
IQ,CR,22
IQ,CY,1352
IQ,DE,263918
IQ,DK,21857
IQ,DO,29
IQ,DZ,7711
IQ,EE,64
IQ,EG,20517
IQ,FI,21546
IQ,GB,99203
IQ,GR,17950
IQ,HR,71
IQ,HU,1728
IQ,ID,536
IQ,IL,77676
IQ,IN,656
IQ,IR,55516
IQ,IS,356
IQ,IT,8547
IQ,JO,219163
IQ,LB,5101
IQ,LI,11
IQ,LK,39
IQ,LT,58
IQ,LU,1188
IQ,LV,48
IQ,LY,77265
IQ,MA,2006
IQ,MR,131
IQ,MT,428
IQ,MY,674
IQ,NL,48412
IQ,NO,26194
IQ,NZ,5423
IQ,PK,233
IQ,PL,675
IQ,PT,289
IQ,RO,1077
IQ,RS,122
IQ,RU,1169
IQ,SA,6510
IQ,SE,150470
IQ,SI,128
IQ,SK,234
IQ,SY,209390
IQ,TJ,60
IQ,TN,709
IQ,TR,403670
IQ,US,272370
IQ,VE,70
IQ,YE,10139
IR,AM,6793
IR,AR,227
IR,AT,29559
IR,AU,88697
IR,AZ,710
IR,BE,15212
IR,BG,653
IR,BO,76
IR,BR,815
IR,BY,46
IR,CA,205304
IR,CH,17038
IR,CN,1331
IR,CR,144
IR,CY,1267
IR,CZ,1132
IR,DE,283454
IR,DK,21174
IR,DO,33
IR,EC,327
IR,EE,220
IR,FI,8959
IR,GB,124200
IR,GE,124
IR,GR,4976
IR,GT,20
IR,HR,42
IR,HU,4866
IR,ID,220
IR,IL,61572
IR,IN,1810
IR,IQ,14747
IR,IS,251
IR,IT,23973
IR,JP,4201
IR,KZ,3012
IR,LI,14
IR,LK,105
IR,LT,63
IR,LU,1241
IR,LV,42
IR,LY,464
IR,MT,151
IR,MX,401
IR,MY,358
IR,NA,32
IR,NL,44869
IR,NO,20436
IR,NR,412
IR,NZ,5632
IR,PA,151
IR,PK,2148
IR,PL,371
IR,PT,832
IR,RO,1194
IR,RU,922
IR,SE,89047
IR,SI,183
IR,SK,183
IR,SV,18
IR,TJ,1203
IR,TM,1876
IR,TR,199735
IR,UA,2199
IR,US,431405
IR,VE,80
IR,YE,6
IR,ZA,499
IS,AU,403
IS,BG,40
IS,BO,2
IS,BR,556
IS,CL,354
IS,CR,1
IS,CY,33
IS,DK,8868
IS,EE,43
IS,FI,211
IS,GR,56
IS,HU,175
IS,LT,60
IS,LU,477
IS,LV,49
IS,NO,8658
IS,PL,2546
IS,PT,34
IS,SI,5
IS,SK,105
IS,ZA,189
IT,AD,523
IT,AG,76
IT,AL,7928
IT,AR,53584
IT,AT,38913
IT,AU,151684
IT,BA,100
IT,BE,116143
IT,BG,5492
IT,BO,1773
IT,BR,39836
IT,BS,178
IT,BT,12
IT,BW,575
IT,BY,22
IT,CA,183368
IT,CF,75
IT,CH,273822
IT,CL,4352
IT,CM,655
IT,CN,4682
IT,CO,3511
IT,CR,3087
IT,CU,263
IT,CV,450
IT,CY,506
IT,CZ,5867
IT,DE,436759
IT,DK,13051
IT,DO,4719
IT,DZ,751
IT,EC,4800
IT,EE,1275
IT,EG,4458
IT,ES,167387
IT,FI,3558
IT,FR,303685
IT,GB,342143
IT,GE,16
IT,GH,302
IT,GN,75
IT,GR,6826
IT,GT,433
IT,HN,270
IT,HR,2813
IT,HT,1255
IT,HU,7298
IT,IE,17508
IT,IL,6174
IT,IS,793
IT,JP,5245
IT,KH,15
IT,LC,12
IT,LI,921
IT,LK,5226
IT,LR,35
IT,LT,677
IT,LU,21807
IT,LV,302
IT,LY,7548
IT,MA,2219
IT,MC,6091
IT,MD,2567
IT,ME,206
IT,MK,36
IT,MN,22
IT,MR,62
IT,MT,8204
IT,MU,147
IT,MV,190
IT,MX,7359
IT,NA,915
IT,NI,205
IT,NL,48307
IT,NO,5604
IT,NZ,3256
IT,PA,2421
IT,PE,6538
IT,PL,24380
IT,PT,3516
IT,PY,1010
IT,RO,87680
IT,RS,2983
IT,RU,2099
IT,SC,125
IT,SE,16955
IT,SI,5114
IT,SK,4259
IT,SM,5000
IT,SV,289
IT,TN,2464
IT,TZ,555
IT,US,360987
IT,UY,11274
IT,VE,45934
IT,ZA,4255
JM,AG,4328
JM,AU,1335
JM,BB,1013
JM,BG,7
JM,BO,8
JM,BR,176
JM,BS,8510
JM,BZ,621
JM,CA,144301
JM,CL,222
JM,CN,572
JM,CR,314
JM,CU,27
JM,CY,14
JM,DK,183
JM,DM,132
JM,DO,148
JM,EE,3
JM,FI,101
JM,GB,146646
JM,GD,119
JM,GR,11
JM,GY,302
JM,HN,27
JM,HU,38
JM,IS,32
JM,KN,148
JM,LC,361
JM,LI,1
JM,LU,35
JM,LV,2
JM,MX,381
JM,NI,20
JM,NO,203
JM,PA,1266
JM,PT,31
JM,SI,7
JM,SK,16
JM,SV,10
JM,TT,2390
JM,US,910748
JM,VC,127
JM,VE,85
JO,AE,158125
JO,AU,9469
JO,BG,403
JO,BH,15949
JO,BO,19
JO,BR,1261
JO,BY,28
JO,CA,20195
JO,CN,434
JO,CR,16
JO,CY,464
JO,DK,1401
JO,DZ,2296
JO,EE,29
JO,EG,2616
JO,FI,410
JO,GR,879
JO,HN,41
JO,HR,59
JO,HU,1024
JO,IQ,10581
JO,IS,41
JO,IT,2908
JO,KW,58434
JO,LI,5
JO,LK,279
JO,LT,8
JO,LU,54
JO,LV,4
JO,LY,23026
JO,MT,200
JO,NI,27
JO,NO,679
JO,OM,15210
JO,PA,215
JO,PS,59477
JO,PT,240
JO,QA,34441
JO,SA,209093
JO,SI,76
JO,SK,74
JO,TR,24978
JO,UA,3825
JO,VE,177
JP,AG,20
JP,AR,2909
JP,AU,53094
JP,BD,18539
JP,BE,4484
JP,BG,303
JP,BN,236
JP,BO,2063
JP,BR,52758
JP,BS,38
JP,BT,137
JP,CA,33767
JP,CL,1198
JP,CN,40436
JP,CO,726
JP,CR,408
JP,CY,86
JP,CZ,1471
JP,DK,2351
JP,DO,387
JP,EC,134
JP,EE,163
JP,EG,805
JP,FI,1710
JP,FM,48
JP,GA,31
JP,GH,70
JP,GN,48
JP,GR,550
JP,GT,173
JP,HN,144
JP,HR,48
JP,HT,223
JP,HU,2441
JP,ID,9938
JP,IN,802
JP,IS,178
JP,IT,8158
JP,KH,140
JP,KP,218
JP,LC,8
JP,LI,19
JP,LK,857
JP,LT,24
JP,LU,679
JP,LV,25
JP,LY,1133
JP,ML,828
JP,MN,470
JP,MT,233
JP,MU,8
JP,MV,126
JP,MX,6655
JP,MY,12388
JP,NA,124
JP,NI,42
JP,NO,1712
JP,NZ,12621
JP,PA,680
JP,PE,7153
JP,PG,259
JP,PH,4492
JP,PL,673
JP,PT,396
JP,PW,145
JP,PY,2291
JP,SB,27
JP,SI,111
JP,SK,172
JP,SV,55
JP,TH,104515
JP,TO,62
JP,US,547444
JP,VE,322
JP,VN,27060
JP,WS,37
JP,ZA,450
JP,ZM,163
KE,AU,30123
KE,BG,39
KE,BI,1377
KE,BO,17
KE,BS,22
KE,BW,1277
KE,CA,29988
KE,CN,1078
KE,CR,11
KE,CY,86
KE,DK,2150
KE,EE,22
KE,ER,274
KE,ET,5564
KE,FI,1839
KE,GB,137817
KE,GH,17
KE,GN,1856
KE,GR,489
KE,HU,300
KE,IL,239
KE,IN,2078
KE,IS,156
KE,IT,4755
KE,JP,1041
KE,KM,74
KE,LI,9
KE,LT,8
KE,LU,128
KE,LV,4
KE,LY,377
KE,MT,167
KE,MZ,25824
KE,NA,1232
KE,NO,2567
KE,PT,127
KE,RW,2572
KE,SC,422
KE,SD,6189
KE,SI,40
KE,SK,30
KE,SL,24
KE,SS,10153
KE,TZ,26345
KE,UG,23416
KE,US,210991
KE,ZA,6208
KE,ZM,875
KG,AU,731
KG,AZ,1321
KG,BG,326
KG,BO,6
KG,BY,5096
KG,CN,591
KG,CY,23
KG,CZ,1439
KG,DK,156
KG,EE,555
KG,FI,99
KG,GE,256
KG,GR,592
KG,HU,291
KG,IL,2664
KG,IS,9
KG,IT,2833
KG,KZ,100242
KG,LI,3
KG,LT,366
KG,LU,54
KG,LV,697
KG,MD,131
KG,NO,262
KG,RU,333664
KG,SI,22
KG,SK,36
KG,TJ,11382
KG,TR,44361
KG,UA,27538
KG,UZ,4827
KH,AU,43862
KH,BD,26460
KH,BG,18
KH,CA,22917
KH,CN,6091
KH,CR,4
KH,DK,318
KH,DO,136
KH,EE,6
KH,FI,377
KH,FR,57402
KH,GN,7
KH,GR,20
KH,HU,104
KH,IS,2
KH,IT,1360
KH,JP,24912
KH,KR,33452
KH,LA,3871
KH,LI,2
KH,LT,4
KH,LU,80
KH,NO,525
KH,NZ,8231
KH,SI,3
KH,SK,11
KH,TH,375635
KH,US,171380
KH,VN,990
KI,AU,1585
KI,BG,4
KI,DK,2
KI,FJ,808
KI,GN,1
KI,MH,276
KI,NO,2
KI,NR,279
KI,NZ,3015
KI,SB,253
KI,SK,7
KI,TV,64
KI,WS,10
KM,DK,15
KM,EG,2218
KM,ER,149
KM,FI,2
KM,FR,231788
KM,GN,706
KM,GR,79
KM,HU,2
KM,LU,18
KM,LY,4846
KM,MG,13199
KM,NO,4
KM,TZ,578
KM,ZA,108
KN,AG,515
KN,AU,50
KN,BB,110
KN,BS,37
KN,CL,207
KN,CR,1
KN,DK,3
KN,DM,64
KN,DO,153
KN,GD,15
KN,JM,99
KN,LC,32
KN,NO,2
KN,PE,1159
KN,VC,38
KP,AR,5447
KP,BG,51
KP,BO,11
KP,BY,57
KP,CL,7
KP,CN,9636
KP,CO,13
KP,CR,51
KP,CY,33
KP,DK,328
KP,EC,10
KP,EE,3
KP,FI,6
KP,GA,171
KP,GN,1144
KP,GR,35
KP,HN,63
KP,HU,20
KP,JP,23696
KP,KG,1693
KP,KH,45
KP,LT,6
KP,LU,17
KP,LV,9
KP,ML,2322
KP,MN,718
KP,NA,110
KP,NO,40
KP,PT,92
KP,RU,172
KP,SK,15
KP,SL,2
KP,TJ,154
KP,VE,41
KP,ZA,161
KR,AR,5368
KR,AU,114174
KR,BE,4534
KR,BG,316
KR,BN,177
KR,BO,626
KR,BR,9395
KR,BT,34
KR,BY,27
KR,CA,151409
KR,CL,1190
KR,CN,65073
KR,CO,659
KR,CR,364
KR,CY,6
KR,CZ,1596
KR,DK,8936
KR,DO,633
KR,EC,317
KR,EE,101
KR,EG,352
KR,FI,835
KR,FM,47
KR,GA,208
KR,GN,394
KR,GR,226
KR,GT,2113
KR,HN,70
KR,HR,22
KR,HU,2278
KR,ID,6527
KR,IS,74
KR,IT,4692
KR,JP,393944
KR,KG,220
KR,KH,61
KR,KP,5574
KR,KZ,1104
KR,LI,4
KR,LK,618
KR,LT,14
KR,LU,1136
KR,LV,30
KR,LY,804
KR,MN,2103
KR,MR,80
KR,MX,9104
KR,MY,3410
KR,NA,37
KR,NI,64
KR,NO,8709
KR,NZ,31878
KR,PA,737
KR,PE,1313
KR,PG,63
KR,PH,4520
KR,PT,164
KR,PW,70
KR,PY,2942
KR,RU,1762
KR,SB,29
KR,SE,12163
KR,SI,54
KR,SK,662
KR,SL,1
KR,SV,131
KR,TH,16518
KR,US,1083174
KR,VE,248
KR,VN,48707
KR,ZA,686
KW,AE,63192
KW,AU,8304
KW,BG,312
KW,BH,6371
KW,BO,6
KW,CA,18999
KW,CY,243
KW,DK,1516
KW,DZ,1215
KW,EE,12
KW,EG,1064
KW,FI,259
KW,GR,279
KW,HU,448
KW,IN,7034
KW,IQ,409
KW,IS,5
KW,IT,747
KW,LK,1772
KW,LT,5
KW,LU,54
KW,LV,5
KW,LY,12185
KW,MR,35
KW,MT,295
KW,NO,546
KW,PS,19583
KW,QA,6941
KW,SI,14
KW,SK,99
KW,TR,15838
KW,VE,63
KZ,AM,710
KZ,AU,2892
KZ,AZ,1994
KZ,BG,3174
KZ,BO,28
KZ,BY,68126
KZ,CA,15397
KZ,CN,1862
KZ,CR,7
KZ,CY,246
KZ,CZ,8719
KZ,DE,896268
KZ,DK,493
KZ,DO,11
KZ,EE,3825
KZ,FI,405
KZ,GE,1766
KZ,GR,29238
KZ,HR,58
KZ,HU,987
KZ,IL,17166
KZ,IN,78
KZ,IS,53
KZ,IT,5280
KZ,KG,12333
KZ,KR,30061
KZ,LI,10
KZ,LT,4475
KZ,LU,239
KZ,LV,5204
KZ,LY,904
KZ,MD,2459
KZ,ML,2409
KZ,MN,238
KZ,NO,1082
KZ,PL,8163
KZ,PT,1123
KZ,RU,1321004
KZ,SI,235
KZ,SK,315
KZ,TJ,842
KZ,TM,19875
KZ,TR,84823
KZ,UA,228982
KZ,UZ,13013
LA,AR,618
LA,AU,11771
LA,BD,118769
LA,CA,13292
LA,CL,207
LA,CN,9927
LA,CR,5
LA,CY,1
LA,DK,83
LA,EG,235
LA,FI,66
LA,FR,36591
LA,GR,42
LA,HU,123
LA,JP,3865
LA,KH,294
LA,LI,43
LA,LT,3
LA,LU,59
LA,NO,145
LA,SI,2
LA,SK,5
LA,TH,285819
LA,US,176588
LB,AE,39223
LB,AG,58
LB,AM,694
LB,AR,616
LB,AU,93967
LB,BE,12974
LB,BG,1411
LB,BH,3961
LB,BO,45
LB,BR,14879
LB,BY,62
LB,BZ,66
LB,CA,97179
LB,CG,1152
LB,CL,268
LB,CO,560
LB,CR,127
LB,CU,6
LB,CY,2904
LB,DK,13454
LB,DM,34
LB,DO,166
LB,DZ,1242
LB,EC,183
LB,EE,42
LB,EG,1572
LB,FI,860
LB,FR,51485
LB,GA,2710
LB,GE,8
LB,GH,1290
LB,GN,143
LB,GR,2222
LB,GT,27
LB,HR,57
LB,HU,615
LB,IL,7638
LB,IQ,1558
LB,IS,76
LB,IT,8898
LB,KW,13369
LB,LK,749
LB,LR,635
LB,LT,15
LB,LU,394
LB,LV,36
LB,LY,12486
LB,MA,1579
LB,MR,138
LB,MT,332
LB,MV,10
LB,MX,893
LB,NA,50
LB,NO,3096
LB,PA,964
LB,PL,518
LB,PS,2211
LB,PT,277
LB,QA,8844
LB,SA,52864
LB,SE,30587
LB,SI,29
LB,SK,171
LB,SL,545
LB,SN,1169
LB,TR,24965
LB,UA,1816
LB,US,150380
LB,VE,6732
LB,ZA,406
LC,AG,732
LC,AU,77
LC,BB,2220
LC,BS,87
LC,CA,7557
LC,CR,1
LC,DK,11
LC,DM,291
LC,FI,4
LC,GD,168
LC,GY,222
LC,HU,2
LC,JM,339
LC,KN,107
LC,NO,14
LC,TT,1406
LC,VC,245
LC,VE,4
LI,BG,1
LI,CR,5
LI,DK,22
LI,GN,2
LI,GR,7
LI,HU,4
LI,LU,9
LI,NO,22
LI,PT,259
LI,SI,7
LI,SK,8
LK,AE,112759
LK,AU,156876
LK,BG,28
LK,BH,11369
LK,BN,1439
LK,BO,2
LK,BS,42
LK,BT,34
LK,BW,1043
LK,CA,140870
LK,CH,37483
LK,CN,378
LK,CR,1
LK,CY,10425
LK,DK,8218
LK,EE,63
LK,FI,1351
LK,FR,56880
LK,GB,160178
LK,GH,23
LK,GR,960
LK,HU,87
LK,ID,396
LK,IL,879
LK,IN,253869
LK,IS,287
LK,IT,95118
LK,JP,49037
LK,KH,51
LK,KP,157
LK,KR,16851
LK,KW,42384
LK,LI,9
LK,LT,64
LK,LU,98
LK,LV,159
LK,LY,413
LK,MT,85
LK,MU,1147
LK,MV,7912
LK,MY,3310
LK,NO,10598
LK,NP,41
LK,NR,155
LK,NZ,20823
LK,OM,30611
LK,PG,78
LK,PK,539
LK,PT,97
LK,QA,161747
LK,SA,83297
LK,SC,619
LK,SE,9514
LK,SI,22
LK,SK,26
LK,ZA,358
LR,AU,3630
LR,BG,8
LR,BO,2
LR,BR,46
LR,CI,16014
LR,CM,5501
LR,CN,794
LR,DK,171
LR,FI,134
LR,GH,39038
LR,GM,1185
LR,GN,2567
LR,GR,32
LR,GW,532
LR,HU,25
LR,IL,38437
LR,IS,9
LR,IT,2038
LR,LT,5
LR,LU,45
LR,ML,1473
LR,NG,23602
LR,NO,1062
LR,PT,34
LR,SI,14
LR,SK,2
LR,SL,8462
LR,SN,459
LR,SZ,45
LR,TG,169
LR,ZA,384
LS,AU,157
LS,BW,292
LS,DK,48
LS,GN,28
LS,HU,1
LS,MZ,8173
LS,NA,139
LS,NO,10
LS,SK,3
LS,SZ,226
LS,TZ,143
LS,ZA,237718
LT,AR,403
LT,AU,3094
LT,BE,3341
LT,BG,217
LT,BO,10
LT,BR,733
LT,BY,16930
LT,CA,4551
LT,CL,532
LT,CR,13
LT,CY,97
LT,DK,13942
LT,EE,2210
LT,FI,1608
LT,GB,206668
LT,GE,216
LT,GR,589
LT,HR,22
LT,HU,311
LT,IE,34584
LT,IL,2896
LT,IS,4789
LT,IT,6214
LT,KG,2524
LT,KZ,1391
LT,LI,3
LT,LU,1026
LT,LV,13084
LT,MD,256
LT,MT,228
LT,NO,44319
LT,PA,82
LT,PL,21305
LT,PT,468
LT,RU,25430
LT,SE,19476
LT,SI,52
LT,SK,216
LT,UA,25157
LT,VE,130
LT,ZA,115
LU,AU,322
LU,BE,16076
LU,BG,150
LU,BO,7
LU,CR,22
LU,CV,3
LU,CY,8
LU,DK,739
LU,EE,29
LU,FI,124
LU,FR,32587
LU,GR,148
LU,HR,26
LU,HU,336
LU,IS,272
LU,IT,4337
LU,LI,2
LU,LT,25
LU,LV,9
LU,ME,98
LU,NA,47
LU,NO,166
LU,PL,388
LU,PT,5065
LU,RS,731
LU,SI,44
LU,SK,98
LV,AU,3247
LV,BE,2466
LV,BG,300
LV,BY,10211
LV,CA,4608
LV,CL,695
LV,CR,1
LV,CY,171
LV,DK,5985
LV,EE,6143
LV,FI,2868
LV,GE,211
LV,GN,19
LV,GR,379
LV,HR,22
LV,HU,229
LV,IE,20840
LV,IL,3668
LV,IS,2902
LV,IT,3700
LV,KG,859
LV,KZ,777
LV,LI,7
LV,LT,6029
LV,LU,759
LV,MD,96
LV,MT,398
LV,NO,11774
LV,PL,1286
LV,PT,263
LV,RU,38075
LV,SE,11474
LV,SI,73
LV,SK,216
LV,UA,20086
LV,VE,125
LV,ZA,52
LY,AU,2812
LY,BG,404
LY,BO,3
LY,CA,10737
LY,CL,266
LY,CR,16
LY,CY,238
LY,DK,422
LY,DZ,2364
LY,EE,9
LY,EG,2564
LY,FI,293
LY,GN,40
LY,GR,693
LY,HR,132
LY,HU,466
LY,IL,19768
LY,IS,11
LY,IT,29343
LY,JO,28839
LY,LK,39
LY,LT,5
LY,LU,92
LY,LV,4
LY,MA,1376
LY,ML,1421
LY,MR,161
LY,MT,6607
LY,NA,37
LY,NE,258
LY,NO,845
LY,PA,69
LY,PL,398
LY,PT,119
LY,RS,220
LY,SD,3742
LY,SI,63
LY,SK,95
LY,SS,162
LY,TD,1708
LY,TN,10180
LY,TR,29478
LY,VE,120
LY,ZA,255
MA,AD,536
MA,AE,8368
MA,AR,252
MA,AU,2775
MA,BE,246575
MA,BG,215
MA,BH,843
MA,BO,29
MA,BR,1689
MA,CA,94694
MA,CH,21949
MA,CL,210
MA,CN,1026
MA,CR,5
MA,CY,64
MA,DE,156555
MA,DK,6166
MA,DO,37
MA,EE,38
MA,EG,979
MA,ES,1088408
MA,FI,2976
MA,FR,1066129
MA,GA,774
MA,GN,307
MA,GR,2246
MA,HR,24
MA,HU,520
MA,IL,190607
MA,IQ,599
MA,IS,396
MA,IT,472734
MA,KW,3240
MA,LI,16
MA,LT,15
MA,LU,2887
MA,LV,22
MA,LY,5527
MA,ML,1021
MA,MR,401
MA,MT,1166
MA,MX,515
MA,NL,176423
MA,NO,6893
MA,PA,143
MA,PL,555
MA,PT,2538
MA,QA,1535
MA,SE,13437
MA,SI,41
MA,SK,79
MA,SN,4376
MA,TN,6458
MA,TR,27080
MA,UA,1789
MA,VE,905
MA,ZA,417
MC,AU,91
MC,BG,17
MC,CR,1
MC,DK,25
MC,FI,11
MC,FR,34658
MC,GR,46
MC,HU,8
MC,IT,1438
MC,LU,58
MC,LY,310
MC,NO,14
MC,SK,5
MD,AT,5626
MD,AU,1471
MD,AZ,111
MD,BE,6913
MD,BG,4324
MD,BO,9
MD,BY,7408
MD,CA,22355
MD,CR,5
MD,CY,990
MD,CZ,9622
MD,DK,2447
MD,DO,12
MD,EE,1146
MD,ES,25841
MD,FI,406
MD,FR,54287
MD,GE,496
MD,GN,1
MD,GR,10886
MD,HR,100
MD,HU,701
MD,IE,19842
MD,IL,10053
MD,IS,171
MD,IT,218594
MD,KG,2533
MD,KZ,6912
MD,LI,7
MD,LT,986
MD,LU,679
MD,LV,1572
MD,MT,172
MD,NO,1365
MD,PL,1312
MD,PT,25458
MD,RO,80610
MD,RS,103
MD,RU,166187
MD,SI,447
MD,SK,199
MD,TJ,790
MD,TR,16824
MD,UA,154284
ME,AR,1342
ME,AU,1673
ME,BA,3889
ME,BG,56
ME,BO,2
ME,DK,513
ME,EE,8
ME,FI,18
ME,HR,5539
ME,HU,107
ME,IS,18
ME,IT,2186
ME,LI,5
ME,LU,3136
ME,LV,1
ME,MK,9302
ME,NO,540
ME,PT,98
ME,RS,57943
ME,SI,4014
ME,SK,45
ME,VE,243
MG,AU,348
MG,BE,2773
MG,BG,1
MG,BO,6
MG,BW,591
MG,CN,705
MG,CR,4
MG,CY,6
MG,DK,95
MG,EE,1
MG,FI,22
MG,FR,162751
MG,GN,8
MG,GR,138
MG,HU,52
MG,IS,3
MG,IT,2903
MG,KM,9569
MG,LI,1
MG,LT,6
MG,LU,225
MG,MU,2321
MG,NO,547
MG,PT,31
MG,SC,829
MG,SI,25
MG,SK,20
MG,ZA,299
MH,FM,94
MH,GN,4
MK,AL,474
MK,AT,31837
MK,AU,48723
MK,BA,2722
MK,BE,2492
MK,BG,6345
MK,BO,15
MK,CA,10214
MK,CH,85065
MK,CR,37
MK,CY,19
MK,CZ,2311
MK,DE,147204
MK,DK,4426
MK,DO,28
MK,EE,19
MK,FI,250
MK,GR,2348
MK,HR,9014
MK,HU,355
MK,IS,127
MK,IT,67492
MK,LI,102
MK,LT,7
MK,LU,699
MK,LV,16
MK,ME,3302
MK,MN,2
MK,MT,151
MK,NO,3260
MK,PL,308
MK,PT,349
MK,RS,34921
MK,SE,11796
MK,SI,21691
MK,SK,960
MK,TR,35535
ML,AU,53
ML,BF,37862
ML,BG,4
ML,BJ,3721
ML,BO,1
ML,BR,454
ML,CF,339
ML,CG,33521
ML,CI,403646
ML,CM,10608
ML,CN,960
ML,CV,6
ML,DK,60
ML,ES,36036
ML,FI,27
ML,FR,120393
ML,GA,59837
ML,GH,6592
ML,GM,11344
ML,GN,43694
ML,GR,112
ML,HU,31
ML,IS,6
ML,IT,23958
ML,LR,924
ML,LT,1
ML,LU,91
ML,LY,381
ML,MR,122945
ML,NE,140431
ML,NG,184965
ML,NO,63
ML,PT,143
ML,SD,1630
ML,SI,7
ML,SL,244
ML,SN,36252
ML,SS,215
ML,TG,8256
ML,TN,1112
ML,ZA,836
ML,ZM,354
MM,AU,46297
MM,BD,1246705
MM,BT,35
MM,CA,10379
MM,CN,367052
MM,CR,17
MM,CY,47
MM,DK,1766
MM,EE,1
MM,FI,1431
MM,GR,101
MM,HU,37
MM,ID,2063
MM,IL,238
MM,IN,132598
MM,IS,6
MM,IT,468
MM,JP,92214
MM,KH,57
MM,KR,25739
MM,LA,3201
MM,LU,10
MM,MY,308095
MM,NO,3623
MM,NZ,3834
MM,PA,178
MM,PK,2297
MM,SA,163252
MM,SI,1
MM,SK,3
MM,TH,1708695
MM,US,199585
MM,ZA,437
MN,AU,11188
MN,BG,139
MN,BO,1
MN,BY,162
MN,CN,1078
MN,CR,22
MN,CZ,5498
MN,DK,79
MN,EE,47
MN,FI,74
MN,GE,28
MN,GR,5
MN,HU,2114
MN,IS,32
MN,JP,20179
MN,KR,45698
MN,KZ,75801
MN,LT,56
MN,LU,49
MN,LV,95
MN,NO,171
MN,PL,386
MN,RU,5750
MN,SE,6866
MN,SI,6
MN,SK,72
MR,BE,3018
MR,BG,3
MR,BO,1
MR,BR,142
MR,CG,3111
MR,DK,30
MR,EE,1
MR,FI,44
MR,GH,15
MR,GM,3992
MR,GN,1070
MR,GR,64
MR,GW,342
MR,HU,6
MR,IQ,204
MR,IS,3
MR,IT,846
MR,LU,13
MR,LY,402
MR,MA,1863
MR,ML,27160
MR,MX,299
MR,NO,77
MR,PT,49
MR,SL,83
MR,SN,47547
MR,TG,145
MR,TN,588
MT,AU,34451
MT,BG,227
MT,BO,6
MT,CA,5795
MT,CY,33
MT,DK,174
MT,DO,27
MT,EE,14
MT,FI,62
MT,GR,95
MT,HU,188
MT,IS,14
MT,IT,2127
MT,LI,3
MT,LT,20
MT,LU,282
MT,LV,21
MT,NO,117
MT,PT,53
MT,SI,8
MT,SK,49
MT,ZA,174
MU,AU,28962
MU,BE,3398
MU,BG,7
MU,BW,244
MU,CA,20173
MU,CN,198
MU,CY,8
MU,DK,165
MU,EE,10
MU,FI,58
MU,FR,44709
MU,GN,13
MU,GR,39
MU,HU,87
MU,IN,172
MU,IS,9
MU,IT,7315
MU,LI,1
MU,LT,2
MU,LU,501
MU,LV,4
MU,NA,117
MU,NO,218
MU,SC,573
MU,SI,6
MU,SK,25
MU,TZ,185
MU,ZA,1725
MV,AU,712
MV,CR,1
MV,DK,14
MV,IN,574
MV,LI,1
MV,LK,1424
MV,LT,1
MV,NO,4
MV,SC,38
MV,SI,3
MV,SK,1
MW,AU,1853
MW,BG,3
MW,BO,8
MW,BW,1560
MW,CY,6
MW,DK,104
MW,ER,604
MW,FI,121
MW,GN,15
MW,HU,4
MW,IS,2
MW,LS,84
MW,LU,13
MW,MZ,65284
MW,NA,409
MW,NO,125
MW,PT,586
MW,SI,2
MW,SK,7
MW,TZ,6678
MW,ZA,220437
MW,ZM,17796
MW,ZW,111872
MX,AG,4
MX,AR,5941
MX,AU,9381
MX,BE,3940
MX,BG,133
MX,BO,11841
MX,BR,3278
MX,BS,151
MX,BZ,4426
MX,CA,103620
MX,CL,7285
MX,CN,1590
MX,CO,6422
MX,CR,4489
MX,CU,75
MX,CV,2
MX,CY,64
MX,DK,2302
MX,DO,1686
MX,EC,1797
MX,EE,134
MX,ES,77724
MX,FI,1171
MX,GR,427
MX,GT,20758
MX,HN,1631
MX,HR,34
MX,HT,310
MX,HU,835
MX,IL,3237
MX,IS,240
MX,IT,11351
MX,JP,3503
MX,LC,16
MX,LI,34
MX,LT,35
MX,LU,490
MX,LV,24
MX,NI,918
MX,NO,1701
MX,PA,8850
MX,PE,4077
MX,PL,557
MX,PT,339
MX,PY,1854
MX,SI,107
MX,SK,172
MX,SV,1765
MX,US,11279561
MX,UY,819
MX,VE,3444
MX,ZA,261
MY,AU,181202
MY,BD,274253
MY,BG,28
MY,BN,56375
MY,BO,9
MY,CA,24975
MY,CL,325
MY,CN,9810
MY,CR,5
MY,CY,47
MY,DK,1077
MY,DO,18
MY,DZ,890
MY,EE,17
MY,EG,2311
MY,FI,625
MY,GB,66932
MY,GR,65
MY,HU,184
MY,ID,161013
MY,IN,11283
MY,IS,73
MY,IT,764
MY,JP,11275
MY,KH,193
MY,KP,202
MY,LC,8
MY,LK,935
MY,LT,12
MY,LU,128
MY,LV,7
MY,LY,8936
MY,MT,200
MY,MU,61
MY,MV,116
MY,NO,1039
MY,NZ,23224
MY,PA,50
MY,PG,78
MY,PT,61
MY,SB,103
MY,SG,1553249
MY,SI,15
MY,SK,25
MY,TL,62
MY,VE,30
MY,ZA,528
MZ,AO,256
MZ,AU,1037
MZ,BG,52
MZ,BO,3
MZ,BR,1699
MZ,BW,638
MZ,CL,237
MZ,CR,5
MZ,CV,27
MZ,CY,8
MZ,DK,278
MZ,EE,2
MZ,ER,867
MZ,FI,86
MZ,GN,16
MZ,GR,67
MZ,HU,34
MZ,IS,45
MZ,IT,953
MZ,KE,494
MZ,LI,2
MZ,LS,52
MZ,LT,1
MZ,LU,392
MZ,MW,39156
MZ,NA,151
MZ,NO,215
MZ,PT,90640
MZ,SI,3
MZ,SK,3
MZ,ST,93
MZ,SZ,10136
MZ,TZ,14166
MZ,VE,46
MZ,ZA,412058
MZ,ZM,2125
MZ,ZW,126753
NA,AO,917
NA,AU,1890
NA,BG,11
NA,BW,1043
NA,CY,1
NA,DK,114
NA,EE,4
NA,FI,179
NA,GN,1
NA,GR,5
NA,HU,29
NA,IS,65
NA,KE,55
NA,LS,7
NA,LT,1
NA,LU,16
NA,NO,110
NA,SI,2
NA,TZ,622
NA,ZA,34273
NA,ZM,1026
NE,BE,2685
NE,BF,13549
NE,BJ,82865
NE,CI,97848
NE,CM,13583
NE,CY,6
NE,DK,15
NE,EG,298
NE,FI,25
NE,GH,7760
NE,GN,178
NE,GR,24
NE,HU,9
NE,IT,1480
NE,LR,164
NE,LU,40
NE,LY,402
NE,ML,14974
NE,MR,174
NE,MT,191
NE,NG,129540
NE,NO,62
NE,SK,5
NE,SL,44
NE,SN,1796
NE,TD,4073
NE,TG,66820
NE,TJ,20
NE,ZA,713
NG,AE,14690
NG,AG,41
NG,AT,8525
NG,AU,19524
NG,BE,8134
NG,BF,5490
NG,BG,338
NG,BH,1485
NG,BJ,92433
NG,BO,16
NG,BR,2384
NG,BS,180
NG,BW,1302
NG,BZ,54
NG,CA,112065
NG,CI,60926
NG,CM,188266
NG,CN,4915
NG,CR,4
NG,CV,741
NG,CY,317
NG,DK,2102
NG,DM,51
NG,DO,27
NG,EC,160
NG,EE,611
NG,EG,1578
NG,ES,33772
NG,FI,3431
NG,GA,25938
NG,GB,324007
NG,GH,90111
NG,GN,352
NG,GQ,464
NG,GR,3096
NG,HR,24
NG,HU,2087
NG,IE,22078
NG,IL,765
NG,IN,720
NG,IS,234
NG,IT,112792
NG,JP,3939
NG,KW,5147
NG,LC,63
NG,LI,6
NG,LR,3595
NG,LT,5
NG,LU,378
NG,LV,20
NG,LY,3215
NG,ML,4787
NG,MT,1782
NG,MX,944
NG,MZ,5582
NG,NA,1092
NG,NE,199722
NG,NI,25
NG,NO,2198
NG,PA,66
NG,PL,902
NG,PT,340
NG,QA,4351
NG,SC,139
NG,SD,35645
NG,SE,9397
NG,SI,77
NG,SK,155
NG,SL,2024
NG,SN,869
NG,SS,3756
NG,TD,14802
NG,TG,32503
NG,TN,604
NG,TR,16375
NG,TT,802
NG,US,565053
NG,VE,93
NG,ZA,26707
NG,ZM,829
NI,AR,304
NI,AU,877
NI,BG,52
NI,BO,137
NI,BR,455
NI,BS,10
NI,CA,10768
NI,CL,569
NI,CO,625
NI,CR,423401
NI,CU,50
NI,CY,8
NI,DK,274
NI,DO,327
NI,EC,409
NI,EE,3
NI,ES,98452
NI,FI,139
NI,GN,3
NI,GR,171
NI,GT,10131
NI,HN,8086
NI,HU,31
NI,IS,9
NI,IT,1626
NI,JM,126
NI,LI,3
NI,LT,1
NI,LU,20
NI,MX,18139
NI,NO,248
NI,PA,23672
NI,PE,446
NI,SI,6
NI,SK,13
NI,SV,8063
NI,US,295024
NI,VE,1838
NL,AD,278
NL,AE,2953
NL,AG,16
NL,AR,774
NL,AT,10748
NL,AU,63634
NL,AZ,131
NL,BE,136488
NL,BG,2437
NL,BH,296
NL,BN,357
NL,BO,474
NL,BR,3759
NL,BS,59
NL,BT,20
NL,BW,672
NL,CA,68248
NL,CF,36
NL,CH,24215
NL,CL,932
NL,CM,204
NL,CN,2508
NL,CO,722
NL,CR,847
NL,CV,39
NL,CY,506
NL,CZ,1670
NL,DK,9170
NL,DM,9
NL,DO,666
NL,EC,243
NL,EE,348
NL,EG,3809
NL,ES,57390
NL,FI,1946
NL,FR,40630
NL,GE,10
NL,GH,238
NL,GN,34
NL,GR,4057
NL,GT,164
NL,HN,94
NL,HR,723
NL,HU,5030
NL,IL,6070
NL,IS,616
NL,IT,13193
NL,JP,1798
NL,KH,32
NL,KW,1135
NL,LC,10
NL,LI,86
NL,LR,43
NL,LT,327
NL,LU,4604
NL,LV,148
NL,LY,1998
NL,ME,153
NL,MT,2228
NL,MX,1296
NL,NA,572
NL,NI,288
NL,NO,10105
NL,NZ,16997
NL,PA,883
NL,PE,1050
NL,PL,16195
NL,PT,5110
NL,QA,479
NL,RO,765
NL,RS,965
NL,SE,15864
NL,SI,424
NL,SK,848
NL,SR,3774
NL,SV,33
NL,TJ,48
NL,TR,46268
NL,VE,619
NL,ZA,3911
NO,AR,287
NO,AU,3910
NO,BD,19278
NO,BG,749
NO,BO,119
NO,BR,701
NO,BS,12
NO,BW,413
NO,BY,58
NO,CA,3410
NO,CL,486
NO,CN,398
NO,CR,110
NO,CY,208
NO,DK,20886
NO,DO,60
NO,EE,467
NO,EG,302
NO,FI,2180
NO,GR,558
NO,HR,99
NO,HU,1745
NO,IS,2098
NO,IT,1722
NO,LI,7
NO,LK,118
NO,LT,2911
NO,LU,303
NO,LV,408
NO,LY,377
NO,MT,341
NO,MX,214
NO,NA,56
NO,PA,139
NO,PL,13563
NO,PT,425
NO,SE,39914
NO,SI,34
NO,SK,1193
NO,VE,80
NO,ZA,250
NP,AE,26097
NP,AU,197472
NP,BD,52621
NP,BE,5887
NP,BG,22
NP,BH,2641
NP,BN,6237
NP,BO,7
NP,BR,1370
NP,BT,780
NP,CA,29554
NP,CL,281
NP,CN,1388
NP,CR,11
NP,CY,57
NP,DK,8562
NP,EE,148
NP,FI,4232
NP,GE,16
NP,GN,21
NP,GR,70
NP,HU,133
NP,IN,663518
NP,IS,195
NP,IT,2550
NP,JP,185644
NP,KH,49
NP,KR,43743
NP,KW,26292
NP,LI,1
NP,LK,347
NP,LT,16
NP,LU,418
NP,LV,41
NP,MY,502596
NP,NO,2483
NP,NZ,6832
NP,OM,18147
NP,PT,7466
NP,QA,266580
NP,SA,297561
NP,SC,180
NP,SI,31
NP,SK,13
NP,US,264317
NP,ZA,370
NR,AU,782
NR,BG,1
NR,DK,2
NR,GN,15
NR,KI,1675
NR,TV,5
NR,WS,4
NZ,AG,11
NZ,AR,255
NZ,AU,588088
NZ,BG,87
NZ,BN,236
NZ,BO,78
NZ,BR,320
NZ,BS,25
NZ,BT,25
NZ,CA,10875
NZ,CL,400
NZ,CN,3811
NZ,CR,24
NZ,CY,97
NZ,DK,1003
NZ,EE,30
NZ,FI,299
NZ,FJ,631
NZ,GB,50762
NZ,GR,530
NZ,HR,102
NZ,HU,290
NZ,IS,118
NZ,IT,959
NZ,JP,3785
NZ,KI,59
NZ,LI,6
NZ,LK,112
NZ,LT,12
NZ,LU,112
NZ,LV,12
NZ,MT,221
NZ,MV,18
NZ,MY,592
NZ,NA,53
NZ,NO,706
NZ,NR,3
NZ,PA,90
NZ,PG,1789
NZ,PT,54
NZ,SB,70
NZ,SG,3378
NZ,SI,32
NZ,SK,68
NZ,SZ,23
NZ,TJ,107
NZ,TL,69
NZ,VE,15
NZ,VU,331
NZ,WS,1164
NZ,ZA,1026
OM,AU,1986
OM,BG,12
OM,CL,458
OM,CR,4
OM,CY,64
OM,DK,44
OM,EE,3
OM,EG,144
OM,FI,19
OM,GR,2
OM,HU,42
OM,IS,3
OM,LK,335
OM,LT,5
OM,LU,6
OM,LY,1909
OM,NO,50
OM,PS,11971
OM,SK,4
OM,TJ,34
PA,AR,598
PA,AU,344
PA,BG,10
PA,BO,135
PA,BR,592
PA,BS,57
PA,CL,874
PA,CN,800
PA,CO,3506
PA,CR,16546
PA,CU,8
PA,CY,19
PA,DK,184
PA,DO,851
PA,EC,422
PA,EE,7
PA,FI,34
PA,GR,168
PA,GT,353
PA,HN,413
PA,HU,34
PA,IS,11
PA,IT,1170
PA,JM,75
PA,LC,5
PA,LI,6
PA,LU,28
PA,MX,2241
PA,NI,439
PA,NO,95
PA,PE,878
PA,PT,43
PA,SI,1
PA,SK,15
PA,SV,464
PA,US,161903
PA,VE,790
PE,AR,156019
PE,AU,14420
PE,BE,4891
PE,BG,45
PE,BO,14028
PE,BR,21594
PE,BS,355
PE,CA,33504
PE,CH,12080
PE,CL,261522
PE,CN,767
PE,CO,6178
PE,CR,5479
PE,CU,28
PE,CV,2
PE,CY,33
PE,DK,1405
PE,DO,1606
PE,EC,14275
PE,EE,40
PE,ES,352470
PE,FI,722
PE,GE,20
PE,GR,314
PE,GT,540
PE,HN,399
PE,HR,75
PE,HT,358
PE,HU,315
PE,IL,3175
PE,IS,159
PE,IT,127352
PE,JP,47836
PE,KP,543
PE,LI,15
PE,LT,12
PE,LU,610
PE,LV,8
PE,MT,141
PE,MX,10394
PE,NI,246
PE,NO,1856
PE,PA,7864
PE,PT,364
PE,SE,8735
PE,SI,69
PE,SK,83
PE,SV,240
PE,US,512316
PE,UY,137
PE,VE,42281
PG,AU,34316
PG,BG,1
PG,BO,1
PG,DK,14
PG,EE,1
PG,FI,13
PG,GN,14
PG,GR,1
PG,HU,5
PG,IS,2
PG,LU,5
PG,NO,13
PG,SB,538
PG,SI,2
PG,SK,2
PG,VU,69
PG,WS,34
PH,AD,485
PH,AE,528527
PH,AT,14332
PH,AU,356833
PH,BE,13572
PH,BG,213
PH,BH,53307
PH,BN,15708
PH,BO,58
PH,BR,746
PH,BS,1266
PH,BT,19
PH,CA,835779
PH,CH,16482
PH,CL,757
PH,CN,5817
PH,CR,202
PH,CY,7606
PH,CZ,2690
PH,DK,12381
PH,DO,55
PH,EE,108
PH,EG,1485
PH,ES,57473
PH,FI,5759
PH,FM,130
PH,GB,176515
PH,GH,34
PH,GN,1
PH,GR,9176
PH,GT,78
PH,HR,66
PH,HU,629
PH,ID,1607
PH,IE,21796
PH,IS,3449
PH,IT,147183
PH,JO,22618
PH,JP,319772
PH,KH,171
PH,KP,3044
PH,KR,37555
PH,KW,210397
PH,LB,6816
PH,LC,20
PH,LI,62
PH,LT,61
PH,LU,1029
PH,LV,91
PH,LY,4976
PH,MH,543
PH,MN,192
PH,MT,2512
PH,MV,1062
PH,MX,999
PH,MY,255520
PH,NA,272
PH,NL,19667
PH,NO,27118
PH,NR,75
PH,NZ,107622
PH,OM,61483
PH,PA,2934
PH,PE,423
PH,PG,1468
PH,PT,610
PH,PW,3095
PH,QA,178516
PH,SA,755432
PH,SB,114
PH,SC,730
PH,SE,17955
PH,SI,205
PH,SK,68
PH,SV,19
PH,TH,23402
PH,TL,366
PH,TT,551
PH,US,2263697
PH,VE,143
PH,ZA,824
PK,AE,932356
PK,AF,69788
PK,AT,6739
PK,AU,127340
PK,BE,15808
PK,BG,399
PK,BH,93973
PK,BN,957
PK,BO,28
PK,BR,922
PK,BT,22
PK,BW,490
PK,BY,44
PK,CA,266682
PK,CL,845
PK,CN,8464
PK,CR,13
PK,CY,1458
PK,DK,14908
PK,DO,87
PK,EC,159
PK,EE,266
PK,EG,186
PK,ES,126260
PK,FI,3689
PK,FJ,1903
PK,FR,36278
PK,GB,703309
PK,GE,88
PK,GH,85
PK,GN,16
PK,GR,9373
PK,GT,29
PK,HU,1244
PK,ID,244
PK,IE,16059
PK,IN,768138
PK,IQ,698
PK,IR,12822
PK,IS,142
PK,IT,158436
PK,JP,25754
PK,KH,44
PK,KP,175
PK,KW,362255
PK,KZ,563
PK,LI,7
PK,LK,1095
PK,LS,522
PK,LT,7
PK,LU,322
PK,LV,210
PK,LY,2775
PK,MM,3207
PK,MN,22
PK,MT,954
PK,MU,189
PK,MV,353
PK,MX,546
PK,MY,79288
PK,MZ,1472
PK,NA,184
PK,NL,18061
PK,NO,23507
PK,NP,1170
PK,NZ,6954
PK,OM,280339
PK,PA,151
PK,PT,2494
PK,QA,247227
PK,SA,1937044
PK,SC,23
PK,SE,31536
PK,SI,48
PK,SK,133
PK,SL,80
PK,TJ,103
PK,TL,298
PK,TR,26088
PK,TZ,646
PK,US,452748
PK,VE,11
PK,ZA,17393
PL,AR,1870
PL,AT,79557
PL,AU,45945
PL,BE,79624
PL,BG,2676
PL,BO,271
PL,BR,28
PL,BS,21
PL,BY,465
PL,CA,123819
PL,CH,53044
PL,CL,599
PL,CN,798
PL,CO,217
PL,CR,436
PL,CU,8
PL,CY,744
PL,CZ,18652
PL,DE,1883559
PL,DK,49767
PL,DO,49
PL,EE,758
PL,EG,1970
PL,ES,51651
PL,FI,5907
PL,FR,84406
PL,GB,902193
PL,GE,185
PL,GH,58
PL,GR,16970
PL,HR,658
PL,HU,3991
PL,IE,102708
PL,IL,62789
PL,IS,31868
PL,IT,92115
PL,JP,1756
PL,KG,3060
PL,KZ,631
PL,LI,81
PL,LT,2002
PL,LU,5835
PL,LV,706
PL,LY,764
PL,MD,96
PL,ME,96
PL,MK,99
PL,MN,13
PL,MT,1302
PL,MX,910
PL,NA,186
PL,NL,210981
PL,NO,111728
PL,NZ,2511
PL,PA,359
PL,PE,437
PL,PT,1255
PL,PY,1006
PL,RO,102
PL,RS,783
PL,RU,9615
PL,SE,102889
PL,SI,452
PL,SK,8008
PL,SM,34
PL,TJ,35
PL,UA,3170
PL,US,396647
PL,UY,1792
PL,VE,819
PL,ZA,1849
PS,AE,54566
PS,AR,215
PS,AU,3046
PS,BE,8383
PS,BG,114
PS,BH,5501
PS,BO,16
PS,BR,429
PS,CA,9301
PS,CL,927
PS,CY,2536
PS,DO,19
PS,DZ,32225
PS,EE,11
PS,EG,89239
PS,FI,79
PS,GR,4553
PS,GT,53
PS,HN,159
PS,HR,37
PS,HU,215
PS,ID,206
PS,IQ,12337
PS,IS,41
PS,IT,848
PS,JO,2379525
PS,KW,16524
PS,KZ,7
PS,LB,490636
PS,LT,8
PS,LU,36
PS,LV,3
PS,LY,322909
PS,MR,188
PS,MT,209
PS,MY,613
PS,NO,3806
PS,PA,304
PS,PE,368
PS,QA,5980
PS,SA,131779
PS,SE,9407
PS,SI,6
PS,SK,59
PS,SV,47
PS,SY,615119
PS,TN,619
PS,TR,24166
PS,UA,1558
PS,VE,432
PS,YE,3884
PT,AD,12251
PT,AO,5454
PT,AR,3723
PT,AU,17637
PT,BE,40781
PT,BG,782
PT,BO,218
PT,BR,146697
PT,BS,16
PT,BW,490
PT,CA,120690
PT,CG,1424
PT,CH,202178
PT,CL,779
PT,CO,557
PT,CR,113
PT,CV,1281
PT,CY,64
PT,DK,4695
PT,DO,119
PT,EE,240
PT,ES,93840
PT,FI,704
PT,FR,585896
PT,GB,193901
PT,GN,12
PT,GR,348
PT,GT,32
PT,GW,505
PT,HR,44
PT,HU,743
PT,IE,6795
PT,IN,91
PT,IS,1634
PT,IT,6761
PT,LI,453
PT,LK,32
PT,LT,135
PT,LU,86893
PT,LV,39
PT,MD,529
PT,MT,295
PT,MX,869
PT,MZ,4741
PT,NA,478
PT,NL,25933
PT,NO,3932
PT,PA,465
PT,PE,496
PT,RO,3330
PT,SI,73
PT,SK,308
PT,ST,95
PT,SV,13
PT,TL,268
PT,US,141889
PT,UY,861
PT,VE,49104
PT,ZA,5602
PW,FM,292
PW,GN,7
PW,GR,201
PW,NO,1
PY,AR,517429
PY,AU,635
PY,BG,4
PY,BO,5328
PY,BR,53941
PY,CA,6174
PY,CL,6354
PY,CO,287
PY,CR,119
PY,CY,6
PY,DK,129
PY,DO,27
PY,EC,245
PY,ES,144878
PY,FI,33
PY,GR,84
PY,GT,68
PY,HN,36
PY,HU,22
PY,IS,3
PY,IT,3107
PY,JP,2201
PY,LI,2
PY,LU,38
PY,MX,736
PY,NO,193
PY,PA,221
PY,PE,2205
PY,PT,65
PY,SI,3
PY,SK,8
PY,SV,11
PY,UY,1579
PY,VE,191
QA,AE,2500
QA,AU,2716
QA,BG,80
QA,BH,252
QA,BO,1
QA,CL,429
QA,CR,4
QA,CY,8
QA,DK,196
QA,EE,4
QA,EG,212
QA,FI,32
QA,GR,1193
QA,HU,140
QA,IS,5
QA,KW,720
QA,LK,278
QA,LT,8
QA,LU,10
QA,LV,5
QA,LY,1594
QA,NO,101
QA,PS,9325
QA,SI,1
QA,SK,7
RO,AR,10
RO,AT,160281
RO,AU,15735
RO,AZ,114
RO,BA,359
RO,BE,131417
RO,BG,4839
RO,BO,88
RO,BR,50
RO,BS,114
RO,BY,21
RO,CA,88282
RO,CH,40167
RO,CL,491
RO,CO,164
RO,CR,142
RO,CU,43
RO,CY,5707
RO,CZ,11061
RO,DE,968697
RO,DK,40659
RO,DO,47
RO,EE,312
RO,ES,522578
RO,FI,4557
RO,FR,156668
RO,GB,713578
RO,GE,226
RO,GN,3
RO,GR,50056
RO,HR,446
RO,HU,253045
RO,IE,47700
RO,IL,116289
RO,IS,2529
RO,IT,880402
RO,JP,2212
RO,KG,458
RO,LI,40
RO,LT,379
RO,LU,6036
RO,LV,65
RO,LY,672
RO,MD,3545
RO,ME,103
RO,MK,22
RO,MT,3556
RO,MX,655
RO,NA,32
RO,NL,55421
RO,NO,16537
RO,PA,328
RO,PE,404
RO,PL,1449
RO,PT,29376
RO,RS,2160
RO,RU,1359
RO,SE,38394
RO,SI,501
RO,SK,10613
RO,SM,153
RO,TR,11400
RO,US,178498
RO,UY,939
RO,VE,785
RO,ZA,425
RS,AR,10
RS,AT,145580
RS,AU,28629
RS,BA,9041
RS,BG,4462
RS,BO,25
RS,BR,18
RS,BY,33
RS,CA,30355
RS,CH,68585
RS,CL,297
RS,CN,771
RS,CY,2673
RS,CZ,5697
RS,DE,303740
RS,DK,2365
RS,DO,81
RS,EE,53
RS,FI,297
RS,FR,96840
RS,GR,4745
RS,HR,45887
RS,HU,56850
RS,IS,1136
RS,IT,34138
RS,LI,458
RS,LT,14
RS,LU,4253
RS,LV,20
RS,ME,8760
RS,MK,18073
RS,MT,2890
RS,NO,7537
RS,PA,47
RS,PE,137
RS,PL,727
RS,PT,225
RS,SE,20194
RS,SI,53729
RS,SK,2677
RS,VE,745
RS,ZA,443
RU,AM,19330
RU,AR,2271
RU,AT,42595
RU,AU,30312
RU,AZ,19714
RU,BA,155
RU,BE,10232
RU,BG,45089
RU,BO,406
RU,BR,486
RU,BS,61
RU,BY,664610
RU,CA,85753
RU,CF,153
RU,CG,2545
RU,CH,30466
RU,CL,1273
RU,CN,21040
RU,CO,706
RU,CR,866
RU,CU,243
RU,CV,771
RU,CY,13731
RU,CZ,41778
RU,DE,1137448
RU,DK,8516
RU,DO,543
RU,DZ,813
RU,EC,799
RU,EE,121354
RU,EG,26357
RU,ES,128600
RU,FI,17907
RU,FR,85277
RU,GE,38308
RU,GH,85
RU,GN,35
RU,GR,58726
RU,HN,25
RU,HR,1173
RU,HU,5406
RU,IE,8466
RU,IL,126688
RU,IN,640
RU,IQ,278
RU,IS,743
RU,IT,85716
RU,JP,11547
RU,KG,106559
RU,KH,32
RU,KP,149
RU,KR,28324
RU,KZ,552258
RU,LI,74
RU,LK,152
RU,LT,54490
RU,LU,3211
RU,LV,107529
RU,LY,8175
RU,MD,20439
RU,ME,920
RU,MK,215
RU,ML,499
RU,MN,3420
RU,MR,69
RU,MT,4980
RU,MU,48
RU,MX,2995
RU,NA,503
RU,NI,210
RU,NL,36095
RU,NO,20555
RU,NZ,8732
RU,PA,1818
RU,PE,1358
RU,PG,25
RU,PL,15923
RU,PT,7321
RU,RO,2566
RU,RS,11961
RU,SC,99
RU,SE,26376
RU,SI,4050
RU,SK,3368
RU,SL,63
RU,SM,40
RU,SV,18
RU,TJ,235636
RU,TM,74157
RU,TR,193302
RU,UA,3375095
RU,US,452940
RU,UZ,865767
RU,VE,606
RU,ZA,805
RW,AO,1299
RW,AU,1338
RW,BE,15445
RW,BG,1
RW,BI,85969
RW,BO,1
RW,CA,9317
RW,CD,286208
RW,CG,24825
RW,CN,1400
RW,CR,1
RW,DK,674
RW,EE,4
RW,ER,365
RW,FI,617
RW,GA,226
RW,GH,488
RW,GN,35
RW,GR,103
RW,HU,27
RW,IT,954
RW,KE,5208
RW,LT,1
RW,LU,217
RW,LV,1
RW,ML,621
RW,MW,6128
RW,NA,397
RW,NO,736
RW,SI,1
RW,SK,1
RW,SN,289
RW,SZ,392
RW,TG,674
RW,TZ,561
RW,UG,79149
RW,ZA,3172
RW,ZM,12201
SA,AE,6157
SA,AU,14397
SA,BG,191
SA,BH,619
SA,BO,16
SA,BR,386
SA,CA,35996
SA,CN,276
SA,CO,213
SA,CR,19
SA,CY,243
SA,DK,563
SA,DO,18
SA,DZ,3992
SA,EE,18
SA,EG,3490
SA,FI,570
SA,GN,27
SA,GR,459
SA,GT,35
SA,HU,532
SA,ID,8877
SA,IN,10381
SA,IQ,690
SA,IS,27
SA,IT,1449
SA,KW,2406
SA,LK,1432
SA,LT,15
SA,LU,68
SA,LV,12
SA,LY,40027
SA,ML,1906
SA,MR,357
SA,MT,134
SA,MX,204
SA,NO,1072
SA,PA,90
SA,PS,24923
SA,QA,956
SA,SE,8610
SA,SI,29
SA,SK,52
SA,SN,1513
SA,TR,61221
SA,VE,1454
SA,ZA,577
SB,AU,7161
SB,BO,1
SB,DK,2
SB,FI,2
SB,FJ,732
SB,GN,10
SB,NO,4
SB,NR,85
SB,PG,221
SB,SK,2
SB,VU,124
SB,WS,8
SC,AU,2623
SC,BG,1
SC,BW,10
SC,CY,6
SC,DK,18
SC,FI,7
SC,GN,1
SC,GR,24
SC,HU,9
SC,IT,777
SC,LK,24
SC,LU,10
SC,MU,125
SC,MZ,17655
SC,NA,60
SC,NO,14
SC,SK,7
SC,TZ,360
SC,ZA,460
SD,AE,124677
SD,AU,17709
SD,BG,66
SD,BH,12550
SD,BO,2
SD,BR,79
SD,CA,19383
SD,CD,6115
SD,CF,22100
SD,CN,796
SD,CR,1
SD,CY,546
SD,DK,858
SD,DZ,1623
SD,EE,26
SD,EG,500000
SD,ER,163
SD,ET,88958
SD,FI,1388
SD,FR,31621
SD,GH,30
SD,GN,5
SD,GR,2007
SD,HR,57
SD,HU,265
SD,ID,444
SD,IL,4918
SD,IN,811
SD,IQ,3881
SD,IS,9
SD,IT,3304
SD,KE,9381
SD,KW,52783
SD,LB,11539
SD,LT,2
SD,LU,118
SD,LV,5
SD,LY,40329
SD,ML,796
SD,MT,702
SD,MY,301
SD,NA,220
SD,NE,2286
SD,NO,5331
SD,OM,22405
SD,QA,24580
SD,SA,895646
SD,SE,10016
SD,SI,19
SD,SK,20
SD,SL,7
SD,SS,608817
SD,SY,216
SD,TD,1071034
SD,TR,15754
SD,UG,141990
SD,YE,27455
SD,ZA,459
SE,AD,54
SE,AR,609
SE,AU,11508
SE,BE,3319
SE,BG,707
SE,BO,363
SE,BR,715
SE,BS,31
SE,BT,23
SE,BW,461
SE,BY,329
SE,CA,6411
SE,CF,13
SE,CH,10012
SE,CL,1366
SE,CN,1427
SE,CO,323
SE,CR,198
SE,CY,961
SE,DK,26460
SE,DO,82
SE,EE,970
SE,EG,930
SE,ES,22685
SE,FI,39331
SE,GN,1
SE,GR,5870
SE,GT,54
SE,HN,32
SE,HR,560
SE,HU,2192
SE,IL,1528
SE,IS,3559
SE,IT,5953
SE,JP,1820
SE,LI,27
SE,LK,131
SE,LR,164
SE,LT,585
SE,LU,1687
SE,LV,250
SE,LY,842
SE,ME,149
SE,MT,2439
SE,MV,40
SE,MX,465
SE,NA,110
SE,NI,34
SE,NO,53689
SE,PA,387
SE,PE,405
SE,PL,6855
SE,PT,1035
SE,RS,1572
SE,SI,384
SE,SK,372
SE,SV,35
SE,VE,101
SE,ZA,710
SG,AU,68087
SG,BD,12909
SG,BG,45
SG,BN,1798
SG,BO,1
SG,BT,18
SG,CA,12878
SG,CL,354
SG,CN,9088
SG,CR,11
SG,CY,33
SG,DK,1171
SG,EE,18
SG,EG,170
SG,FI,313
SG,GB,45936
SG,GR,88
SG,HU,120
SG,ID,1743
SG,IN,5575
SG,IS,32
SG,IT,713
SG,JP,3472
SG,KH,138
SG,LI,9
SG,LK,619
SG,LT,5
SG,LU,172
SG,LV,1
SG,LY,755
SG,ML,1072
SG,MT,155
SG,MV,88
SG,MY,79926
SG,NO,963
SG,NZ,7784
SG,PA,84
SG,PG,50
SG,PT,34
SG,SI,8
SG,SK,22
SG,TL,78
SG,VE,15
SG,ZA,499
SI,AR,580
SI,AT,25669
SI,AU,5483
SI,BA,1733
SI,BG,177
SI,BO,10
SI,BR,227
SI,CA,6412
SI,CF,47
SI,CO,353
SI,CY,14
SI,DK,556
SI,EE,41
SI,FI,120
SI,GN,24
SI,GR,138
SI,HR,17559
SI,HU,536
SI,IS,106
SI,IT,6049
SI,LI,114
SI,LT,11
SI,LU,692
SI,LV,11
SI,ME,1609
SI,MK,256
SI,MT,106
SI,NO,487
SI,PT,69
SI,RS,9115
SI,SK,413
SI,VE,91
SK,AR,220
SK,AT,50437
SK,AU,6753
SK,BA,2996
SK,BG,542
SK,BO,23
SK,BR,245
SK,BY,25
SK,CA,12340
SK,CH,24437
SK,CR,31
SK,CY,143
SK,CZ,231387
SK,DK,3199
SK,EE,180
SK,FI,393
SK,GR,931
SK,HR,574
SK,HU,24748
SK,IE,9573
SK,IS,781
SK,IT,10301
SK,LI,59
SK,LT,75
SK,LU,1004
SK,LV,33
SK,ME,55
SK,MK,35
SK,MN,2
SK,MT,530
SK,NO,4202
SK,PA,66
SK,PL,1897
SK,PT,116
SK,RS,755
SK,SI,654
SK,VE,21
SK,ZA,146
SL,AU,4218
SL,BE,3018
SL,BG,1
SL,BO,2
SL,BR,100
SL,CV,15
SL,CY,1
SL,DK,344
SL,EE,8
SL,EG,22
SL,FI,171
SL,GH,3061
SL,GM,2856
SL,GN,8065
SL,GR,187
SL,GW,491
SL,HU,35
SL,IS,29
SL,IT,2470
SL,LR,13878
SL,LU,23
SL,LY,265
SL,ML,2774
SL,NA,180
SL,NG,4679
SL,NO,576
SL,PT,65
SL,SI,5
SL,SK,1
SL,SN,15843
SL,TG,106
SL,ZA,142
SM,BG,6
SM,DK,8
SM,HU,4
SM,IS,3
SM,IT,1963
SM,LU,3
SM,NO,4
SN,AR,1267
SN,AU,509
SN,BE,9114
SN,BF,4283
SN,BG,19
SN,BO,9
SN,BR,637
SN,CA,13811
SN,CG,13109
SN,CI,32378
SN,CL,295
SN,CM,4077
SN,CR,1
SN,CV,1634
SN,CY,6
SN,DK,214
SN,EE,3
SN,EG,201
SN,ES,101026
SN,FI,254
SN,FR,176632
SN,GA,33087
SN,GH,95
SN,GM,145276
SN,GN,1985
SN,GR,692
SN,GW,7634
SN,HU,60
SN,IS,44
SN,IT,127427
SN,JP,1032
SN,LI,2
SN,LR,249
SN,LU,812
SN,LY,1263
SN,MA,2113
SN,ML,27227
SN,MR,20739
SN,MX,1393
SN,NA,32
SN,NE,1895
SN,NI,202
SN,NO,345
SN,PT,2681
SN,SI,3
SN,SK,21
SN,SL,285
SN,TG,1023
SN,TN,455
SN,VE,11
SN,ZA,1664
SN,ZM,232
SO,AE,9109
SO,AT,9719
SO,AU,9578
SO,BE,12989
SO,BG,32
SO,BH,916
SO,BO,3
SO,BR,196
SO,CA,34668
SO,CN,638
SO,CR,1
SO,CY,8
SO,DJ,99940
SO,DK,10486
SO,DZ,11773
SO,EE,3
SO,EG,50036
SO,ER,1937
SO,ET,389246
SO,FI,14208
SO,GB,119728
SO,GN,4
SO,GR,4024
SO,HU,557
SO,ID,1170
SO,IN,892
SO,IQ,423
SO,IS,48
SO,IT,12642
SO,KE,401953
SO,KW,3671
SO,LI,26
SO,LT,1
SO,LU,89
SO,LV,3
SO,LY,117956
SO,MT,7128
SO,MW,100
SO,MY,2767
SO,NA,103
SO,NI,39
SO,NL,25826
SO,NO,32285
SO,QA,1327
SO,SA,48099
SO,SC,64
SO,SD,311
SO,SE,74146
SO,SI,28
SO,SK,18
SO,SY,1113
SO,SZ,309
SO,TR,27594
SO,TZ,2867
SO,UG,65070
SO,YE,285211
SO,ZA,42516
SR,AG,47
SR,AU,156
SR,BB,46
SR,BE,6731
SR,BG,3
SR,BR,356
SR,CR,28
SR,CY,1
SR,DK,33
SR,DM,18
SR,DO,29
SR,EE,2
SR,FI,1
SR,FR,34228
SR,GR,6
SR,GY,4717
SR,HU,14
SR,LC,19
SR,LU,24
SR,NL,177165
SR,NO,41
SR,VE,41
SS,AE,14900
SS,AU,9693
SS,BH,1500
SS,CD,103594
SS,CF,2388
SS,DK,50
SS,EG,37915
SS,ER,1167
SS,ET,443743
SS,FI,11
SS,GN,1
SS,IL,122
SS,IQ,301
SS,KE,114885
SS,KW,1999
SS,LY,2004
SS,NO,198
SS,QA,2172
SS,SD,1507976
SS,UG,923658
SS,YE,559
ST,AO,7062
ST,CF,82
ST,CV,1893
ST,DK,9
ST,GA,7058
ST,GN,29
ST,GQ,1936
ST,GR,4
ST,LU,192
ST,NO,6
ST,PT,23121
ST,SK,1
ST,TG,40
SV,AR,901
SV,AU,10898
SV,BE,2981
SV,BG,15
SV,BO,156
SV,BR,71
SV,BS,81
SV,BZ,11092
SV,CA,49004
SV,CL,1289
SV,CO,898
SV,CR,20131
SV,CY,8
SV,DK,125
SV,DO,300
SV,EC,433
SV,EE,4
SV,ES,42228
SV,FI,87
SV,GN,2
SV,GR,52
SV,GT,22750
SV,HN,9234
SV,HU,25
SV,IS,41
SV,IT,24538
SV,JM,135
SV,LI,1
SV,LU,54
SV,LY,797
SV,MX,55410
SV,NI,2653
SV,NO,250
SV,PA,6326
SV,PE,615
SV,PT,108
SV,SI,1
SV,SK,1
SV,US,1569946
SV,VE,912
SY,AE,49529
SY,AG,263
SY,AM,6993
SY,AR,1338
SY,AT,90968
SY,AU,37008
SY,BE,50068
SY,BG,24543
SY,BH,4984
SY,BO,2
SY,BR,8237
SY,BY,79
SY,CA,125767
SY,CH,29396
SY,CL,644
SY,CN,1147
SY,CR,16
SY,CY,12150
SY,CZ,1713
SY,DE,860697
SY,DK,34528
SY,DM,15
SY,DO,27
SY,DZ,8038
SY,EC,283
SY,EE,177
SY,EG,156146
SY,ET,679
SY,FI,7325
SY,FR,60670
SY,GA,29
SY,GH,65
SY,GN,6
SY,GR,45531
SY,GT,91
SY,HR,159
SY,HU,3177
SY,IL,10778
SY,IQ,258068
SY,IS,423
SY,IT,8712
SY,JO,1593643
SY,JP,1451
SY,KW,24742
SY,LB,784884
SY,LC,126
SY,LI,34
SY,LK,73
SY,LT,454
SY,LU,2124
SY,LV,58
SY,LY,46987
SY,MA,3989
SY,MD,359
SY,MR,651
SY,MT,5635
SY,MX,327
SY,MY,2759
SY,NL,153160
SY,NO,34690
SY,PA,502
SY,PL,1142
SY,PS,5725
SY,PT,597
SY,QA,25981
SY,RO,4280
SY,RS,119
SY,RU,4697
SY,SA,496044
SY,SE,243388
SY,SI,280
SY,SK,314
SY,TN,1452
SY,TR,3563983
SY,UA,3832
SY,VE,14059
SY,YE,4074
SZ,AU,359
SZ,BG,1
SZ,BS,12
SZ,BW,642
SZ,CR,1
SZ,DK,59
SZ,FI,12
SZ,GN,3
SZ,GR,20
SZ,HU,2
SZ,LS,84
SZ,LU,1
SZ,NA,216
SZ,NO,21
SZ,PT,742
SZ,TZ,84
SZ,ZA,9302
TD,AE,5007
TD,AO,1947
TD,AU,110
TD,BG,6
TD,BH,504
TD,BJ,1105
TD,CF,11328
TD,CG,10439
TD,CM,30917
TD,DK,25
TD,DO,3
TD,EG,225
TD,FI,13
TD,GA,4904
TD,GH,17
TD,GN,360
TD,GR,17
TD,HU,6
TD,IS,2
TD,IT,531
TD,KW,1511
TD,LU,14
TD,LY,970
TD,ML,779
TD,MR,58
TD,NE,1883
TD,NG,33524
TD,NO,34
TD,QA,546
TD,SD,179139
TD,SK,145
TD,SS,5506
TD,TG,723
TG,AU,351
TG,BE,7579
TG,BF,16349
TG,BG,4
TG,BJ,120390
TG,BO,1
TG,BR,310
TG,CF,9
TG,CG,2406
TG,CI,95310
TG,DK,145
TG,EE,2
TG,FI,109
TG,GA,24966
TG,GH,115972
TG,GN,493
TG,GR,22
TG,HU,32
TG,IS,17
TG,IT,6576
TG,LR,264
TG,LU,531
TG,ML,5049
TG,MR,168
TG,NE,15994
TG,NG,169717
TG,NO,126
TG,PT,93
TG,SK,2
TG,SL,20
TG,SN,1783
TH,AE,11996
TH,AT,7083
TH,AU,109845
TH,BD,14210
TH,BE,10952
TH,BG,78
TH,BH,1209
TH,BN,16790
TH,BO,10
TH,BR,566
TH,BT,64
TH,CA,19110
TH,CH,22654
TH,CN,5498
TH,CR,10
TH,CY,272
TH,CZ,1363
TH,DK,15432
TH,EE,111
TH,EG,945
TH,FI,13078
TH,GN,45
TH,GR,407
TH,HU,1661
TH,ID,10481
TH,IS,2265
TH,IT,11785
TH,JP,61263
TH,KH,34957
TH,KP,584
TH,KR,199861
TH,KW,4352
TH,LA,3718
TH,LI,92
TH,LK,279
TH,LT,21
TH,LU,744
TH,LV,27
TH,LY,3215
TH,ML,587
TH,MT,556
TH,MV,348
TH,MY,70718
TH,NA,81
TH,NL,17831
TH,NO,24801
TH,NZ,12405
TH,PA,261
TH,PT,1885
TH,QA,2447
TH,SC,246
TH,SE,47636
TH,SI,356
TH,SK,116
TH,TL,59
TH,US,307741
TH,VE,62
TH,ZA,737
TJ,AF,3011
TJ,AU,241
TJ,AZ,138
TJ,BG,232
TJ,BO,1
TJ,BY,5530
TJ,CN,651
TJ,CY,6
TJ,DK,57
TJ,EE,380
TJ,FI,74
TJ,GE,152
TJ,GR,103
TJ,HU,20
TJ,IL,1761
TJ,IS,3
TJ,KG,2101
TJ,KZ,27922
TJ,LT,380
TJ,LU,25
TJ,LV,520
TJ,LY,764
TJ,MD,177
TJ,NO,135
TJ,RU,415676
TJ,SI,12
TJ,SK,14
TJ,TM,1456
TJ,TR,11341
TJ,UA,30256
TJ,UZ,11339
TL,AU,11546
TL,CV,7
TL,DK,2
TL,GR,231
TL,ID,95603
TL,NO,9
TL,PT,2215
TM,AM,723
TM,AU,153
TM,AZ,747
TM,BG,436
TM,BY,5319
TM,CN,1169
TM,CY,8
TM,DK,41
TM,EE,338
TM,FI,40
TM,GE,209
TM,GR,123
TM,HU,52
TM,IL,2996
TM,IR,1992
TM,IS,2
TM,KG,952
TM,KZ,117117
TM,LT,218
TM,LU,22
TM,LV,508
TM,LY,265
TM,MD,210
TM,NO,97
TM,RU,87585
TM,SI,12
TM,SK,14
TM,TJ,447
TM,TR,119955
TM,UA,23286
TM,UZ,751
TN,AE,5497
TN,AT,4909
TN,AU,788
TN,BE,19761
TN,BG,206
TN,BH,555
TN,BO,1
TN,BR,446
TN,CA,30350
TN,CH,14494
TN,CL,398
TN,CR,5
TN,CY,36
TN,CZ,1190
TN,DK,1089
TN,EE,26
TN,EG,507
TN,FI,951
TN,FR,444223
TN,GA,241
TN,GN,493
TN,GR,687
TN,HU,676
TN,IL,52231
TN,IQ,318
TN,IS,62
TN,IT,117917
TN,KW,2068
TN,LI,24
TN,LT,8
TN,LU,1400
TN,LV,4
TN,LY,3480
TN,MA,3018
TN,MR,290
TN,MT,1684
TN,NO,1260
TN,PL,898
TN,PS,800
TN,PT,174
TN,QA,1043
TN,SI,97
TN,SK,217
TN,VE,11
TO,AU,19464
TO,DK,18
TO,FJ,1389
TO,FM,17
TO,GN,901
TO,HU,2
TO,IS,2
TO,NO,6
TO,NZ,29981
TO,PG,26
TO,VU,31
TO,WS,57
TR,AE,35736
TR,AL,1746
TR,AM,52
TR,AR,650
TR,AT,161487
TR,AU,42544
TR,AZ,1602
TR,BE,110089
TR,BG,19877
TR,BH,3597
TR,BO,45
TR,BR,524
TR,BY,23
TR,CA,37802
TR,CF,6
TR,CH,86906
TR,CL,479
TR,CN,1152
TR,CO,276
TR,CR,11
TR,CY,642
TR,CZ,2604
TR,DE,1504743
TR,DK,35075
TR,DO,33
TR,EE,477
TR,EG,595
TR,FI,8998
TR,FR,260167
TR,GB,145391
TR,GE,485
TR,GN,31
TR,GR,36204
TR,GT,27
TR,HR,75
TR,HU,4000
TR,IL,32098
TR,IN,58
TR,IQ,20972
TR,IR,392
TR,IS,157
TR,IT,21689
TR,JP,6403
TR,KG,999
TR,KW,14256
TR,KZ,6713
TR,LI,621
TR,LK,44
TR,LT,245
TR,LU,1658
TR,LV,211
TR,LY,2858
TR,MD,533
TR,ME,85
TR,MK,20082
TR,MN,250
TR,MT,1203
TR,MX,645
TR,NA,37
TR,NL,217388
TR,NO,13608
TR,PA,204
TR,PE,359
TR,PL,1726
TR,PT,888
TR,QA,5393
TR,RO,5484
TR,RS,1442
TR,RU,9091
TR,SE,58113
TR,SI,269
TR,SK,440
TR,SN,89
TR,TJ,779
TR,UA,1394
TR,US,176490
TR,VE,117
TR,ZA,675
TT,AG,780
TT,AU,1830
TT,BB,1520
TT,BG,6
TT,BO,6
TT,BR,244
TT,BS,442
TT,CA,62401
TT,CR,48
TT,CY,14
TT,DK,183
TT,DM,318
TT,DO,25
TT,EE,2
TT,FI,52
TT,GD,2331
TT,GR,16
TT,GY,902
TT,HU,19
TT,IS,9
TT,JM,2380
TT,KN,283
TT,LC,488
TT,LI,1
TT,LU,25
TT,MT,61
TT,NO,396
TT,PA,215
TT,SI,6
TT,SK,9
TT,US,241541
TT,VC,1029
TT,VE,2524
TV,AU,290
TV,DK,2
TV,FJ,428
TV,GR,8
TV,KI,329
TV,NR,43
TV,WS,55
TZ,AU,4926
TZ,BG,18
TZ,BI,37409
TZ,BO,6
TZ,BR,150
TZ,BW,859
TZ,CA,21068
TZ,CL,398
TZ,CN,1967
TZ,CR,5
TZ,CY,151
TZ,DK,1349
TZ,EE,5
TZ,ER,412
TZ,FI,660
TZ,GH,9
TZ,GR,426
TZ,HU,92
TZ,IS,36
TZ,IT,1958
TZ,KE,32860
TZ,KM,142
TZ,LI,2
TZ,LS,193
TZ,LT,1
TZ,LU,28
TZ,LV,2
TZ,LY,297
TZ,ML,1160
TZ,MW,6870
TZ,MZ,7736
TZ,NA,1218
TZ,NO,1040
TZ,OM,20860
TZ,PG,27
TZ,PT,87
TZ,RW,42664
TZ,SI,2
TZ,UG,22790
TZ,ZA,6344
TZ,ZM,8773
UA,AM,2668
UA,AR,3706
UA,AT,100164
UA,AU,20391
UA,AZ,8108
UA,BE,82974
UA,BG,61074
UA,BO,141
UA,BR,2004
UA,BS,19
UA,BY,219832
UA,CA,83861
UA,CH,80919
UA,CL,393
UA,CN,9603
UA,CR,224
UA,CU,93
UA,CV,23
UA,CY,3457
UA,CZ,515214
UA,DE,1416521
UA,DK,43532
UA,DO,83
UA,EC,456
UA,EE,24628
UA,EG,1643
UA,ES,217765
UA,FI,63352
UA,FR,99261
UA,GB,274187
UA,GE,12544
UA,GN,7
UA,GR,21082
UA,HR,25475
UA,HU,83688
UA,IE,125016
UA,IL,151855
UA,IS,660
UA,IT,396128
UA,JP,4229
UA,KG,25517
UA,KZ,74585
UA,LI,65
UA,LT,43908
UA,LU,1699
UA,LV,29708
UA,LY,986
UA,MD,143623
UA,ME,21948
UA,MK,19187
UA,MT,1509
UA,MX,1099
UA,NA,283
UA,NI,83
UA,NL,120222
UA,NO,71094
UA,NZ,2597
UA,PA,920
UA,PE,638
UA,PL,1102774
UA,PT,60056
UA,RO,182364
UA,RS,10681
UA,RU,2872612
UA,SE,45259
UA,SI,3181
UA,SK,122257
UA,SM,72
UA,TJ,1215
UA,TM,7905
UA,TR,72339
UA,US,448198
UA,UZ,122908
UA,VE,188
UA,ZA,556
UG,AU,5079
UG,BG,12
UG,BI,1188
UG,BS,12
UG,BW,342
UG,CA,15355
UG,CD,6776
UG,CN,917
UG,CR,13
UG,CY,19
UG,DK,2226
UG,EE,9
UG,ER,1195
UG,ET,18
UG,FI,319
UG,GR,149
UG,HU,114
UG,IL,329
UG,IN,718
UG,IS,91
UG,IT,1205
UG,KE,274655
UG,LS,313
UG,LU,40
UG,LV,1
UG,NA,532
UG,NO,1764
UG,PT,33
UG,RW,91955
UG,SC,27
UG,SD,3003
UG,SI,7
UG,SK,12
UG,SS,156437
UG,SZ,55
UG,TZ,4695
UG,ZA,7678
UG,ZM,741
US,AD,119
US,AE,14618
US,AG,2850
US,AL,2114
US,AR,14917
US,AT,14035
US,AU,114202
US,BB,1054
US,BD,61983
US,BE,16645
US,BG,4750
US,BH,1473
US,BN,177
US,BO,6088
US,BR,27764
US,BS,10962
US,BT,147
US,BW,971
US,BY,83
US,BZ,5146
US,CA,256571
US,CF,618
US,CG,163
US,CH,42809
US,CL,14042
US,CM,1057
US,CN,60434
US,CO,22519
US,CR,18354
US,CU,125
US,CV,387
US,CY,3355
US,CZ,7462
US,DE,152501
US,DK,16584
US,DM,649
US,DO,15776
US,DZ,1111
US,EC,13588
US,EE,1203
US,EG,2512
US,ES,68613
US,FI,6410
US,FM,179
US,FR,59171
US,GA,594
US,GB,243570
US,GE,112
US,GH,800
US,GN,278
US,GR,24748
US,GT,10228
US,GW,190
US,GY,1286
US,HN,7079
US,HR,1447
US,HT,1644
US,HU,11044
US,ID,1917
US,IE,36363
US,IL,97258
US,IN,16671
US,IS,3932
US,IT,50957
US,JM,6452
US,JP,62509
US,KH,220
US,KI,44
US,KP,1068
US,KR,53226
US,KW,5521
US,KZ,672
US,LC,824
US,LI,157
US,LK,620
US,LR,329
US,LS,203
US,LT,619
US,LU,3433
US,LV,500
US,LY,11152
US,MA,2139
US,MD,230
US,ME,314
US,MH,1446
US,ML,1870
US,MN,906
US,MR,125
US,MT,6313
US,MU,48
US,MV,49
US,MX,823502
US,NA,1165
US,NI,3918
US,NL,43208
US,NO,20746
US,NZ,32863
US,PA,25732
US,PE,11392
US,PG,735
US,PH,6469
US,PL,29646
US,PS,8170
US,PT,8977
US,PW,341
US,PY,1819
US,QA,4532
US,RO,9431
US,RS,2032
US,RU,5408
US,SB,27
US,SE,26172
US,SG,26705
US,SI,982
US,SK,2876
US,SL,141
US,SN,847
US,SV,5562
US,SZ,262
US,TG,183
US,TH,52400
US,TJ,274
US,TL,56
US,TN,677
US,TR,33577
US,TT,9267
US,TV,3
US,TZ,1247
US,UA,2819
US,UG,1422
US,UY,958
US,VC,352
US,VE,10111
US,WS,284
US,ZA,6729
US,ZM,1550
UY,AD,115
UY,AR,91485
UY,AU,9951
UY,BG,23
UY,BO,631
UY,BR,27225
UY,BS,18
UY,BY,26
UY,CA,6231
UY,CL,5963
UY,CO,746
UY,CR,451
UY,CY,1
UY,DK,304
UY,DO,204
UY,EC,487
UY,EE,6
UY,ES,89340
UY,FI,148
UY,GR,119
UY,GT,164
UY,HN,68
UY,HT,289
UY,HU,66
UY,IL,7774
UY,IS,17
UY,IT,6681
UY,LT,18
UY,LU,105
UY,LV,3
UY,ML,657
UY,MX,2946
UY,NI,39
UY,NO,276
UY,PA,1394
UY,PE,1224
UY,PT,288
UY,PY,3379
UY,SI,15
UY,SK,20
UY,SV,77
UY,VE,4311
UZ,AF,149
UZ,AM,789
UZ,AU,2546
UZ,AZ,8122
UZ,BG,1272
UZ,BO,6
UZ,BY,14400
UZ,CA,7652
UZ,CL,592
UZ,CN,1611
UZ,CR,1
UZ,CY,74
UZ,CZ,2510
UZ,DK,484
UZ,EE,1117
UZ,FI,450
UZ,GE,786
UZ,GR,8986
UZ,HU,201
UZ,IL,24744
UZ,IS,20
UZ,IT,2832
UZ,JP,6912
UZ,KG,8752
UZ,KR,59361
UZ,KZ,744161
UZ,LI,3
UZ,LT,852
UZ,LU,137
UZ,LV,2366
UZ,LY,2243
UZ,MD,358
UZ,MT,97
UZ,NO,734
UZ,PL,1108
UZ,PT,1132
UZ,RU,778041
UZ,SI,88
UZ,SK,64
UZ,TJ,7583
UZ,TM,66605
UZ,TR,128061
UZ,UA,226478
VA,CL,311
VA,SK,2
VC,AG,994
VC,AU,57
VC,BB,3177
VC,BS,43
VC,CA,14817
VC,CR,1
VC,DK,4
VC,DM,128
VC,FI,1
VC,GD,405
VC,GN,26
VC,GR,4
VC,GY,375
VC,HU,1
VC,JM,230
VC,KN,178
VC,LC,304
VC,LU,1
VC,NO,4
VC,TT,10277
VC,VE,108
VE,AG,40
VE,AR,192595
VE,AU,8402
VE,BE,4270
VE,BG,72
VE,BO,6372
VE,BR,571919
VE,BS,32
VE,CA,33298
VE,CL,427821
VE,CN,5886
VE,CO,2904873
VE,CR,34048
VE,CU,174
VE,CY,64
VE,DK,1315
VE,DM,30
VE,DO,124140
VE,EC,487871
VE,EE,47
VE,ES,602539
VE,FI,341
VE,GD,330
VE,GR,1111
VE,GT,333
VE,GY,40545
VE,HN,105
VE,HR,47
VE,HT,2579
VE,HU,977
VE,IL,1769
VE,IS,156
VE,IT,64313
VE,LC,26
VE,LI,21
VE,LT,25
VE,LU,633
VE,LV,31
VE,MX,111191
VE,NI,171
VE,NO,1362
VE,PA,182386
VE,PE,1596667
VE,PT,31198
VE,SI,102
VE,SK,27
VE,SV,248
VE,TT,34543
VE,US,763915
VE,UY,39689
VE,ZA,476
VN,AT,3837
VN,AU,294435
VN,BD,37076
VN,BE,8790
VN,BG,975
VN,BO,15
VN,BR,1357
VN,BY,355
VN,CA,179690
VN,CH,12927
VN,CN,88254
VN,CR,1
VN,CY,64
VN,CZ,29508
VN,DE,140939
VN,DK,11473
VN,EE,54
VN,FI,10214
VN,FR,116008
VN,GN,3
VN,GR,225
VN,HU,6219
VN,ID,15
VN,IN,520
VN,IS,1384
VN,IT,6580
VN,JP,589874
VN,KG,100
VN,KH,41357
VN,KP,780
VN,KR,260609
VN,LA,21400
VN,LI,14
VN,LT,42
VN,LU,658
VN,LV,76
VN,MN,314
VN,MY,5
VN,NL,16343
VN,NO,16230
VN,NZ,12670
VN,PA,105
VN,PE,5527
VN,PH,1391
VN,PL,3330
VN,PT,65
VN,RU,3881
VN,SE,23055
VN,SI,27
VN,SK,2580
VN,TH,17986
VN,TL,202
VN,UA,12764
VN,US,1434631
VN,VE,10
VN,YE,14
VN,ZA,435
VU,AU,10208
VU,BG,21
VU,CO,4
VU,DK,5
VU,FJ,190
VU,GR,74
VU,PG,98
VU,SB,63
VU,WS,11
VU,ZA,230
WS,AU,38964
WS,BG,7
WS,DK,29
WS,FI,2
WS,FJ,308
WS,FM,20
WS,GN,24
WS,GR,483
WS,HU,1
WS,NO,3
WS,NZ,63075
WS,TO,208
WS,TV,2
YE,AE,192423
YE,AU,1189
YE,BG,128
YE,BH,19392
YE,BY,31
YE,CN,4407
YE,CY,14
YE,DJ,5600
YE,DK,220
YE,DZ,2404
YE,EE,19
YE,EG,10716
YE,ET,2503
YE,FI,263
YE,GR,296
YE,HU,436
YE,ID,448
YE,IL,34979
YE,IN,665
YE,IQ,2049
YE,IS,2
YE,JO,38858
YE,KW,75513
YE,LU,22
YE,LY,6684
YE,MY,3228
YE,NI,31
YE,NO,679
YE,PS,1411
YE,QA,37285
YE,SA,1999619
YE,SI,16
YE,SK,45
YE,SO,17680
YE,TR,21256
YE,ZA,223
ZA,AG,47
ZA,AO,6487
ZA,AR,441
ZA,AT,3710
ZA,AU,213447
ZA,BE,5259
ZA,BG,461
ZA,BO,20
ZA,BR,1941
ZA,BS,116
ZA,BW,6052
ZA,CA,52600
ZA,CF,57
ZA,CL,455
ZA,CN,5129
ZA,CR,81
ZA,CY,5240
ZA,DK,2999
ZA,DO,11
ZA,EE,60
ZA,EG,304
ZA,ER,95
ZA,FI,1203
ZA,GA,12
ZA,GB,245446
ZA,GN,1161
ZA,GR,7484
ZA,HR,180
ZA,HU,712
ZA,IE,18857
ZA,IL,14535
ZA,IN,3709
ZA,IS,157
ZA,IT,6245
ZA,JP,1415
ZA,KE,91
ZA,LC,3
ZA,LI,32
ZA,LK,265
ZA,LS,5964
ZA,LT,26
ZA,LU,761
ZA,LV,21
ZA,LY,729
ZA,ML,725
ZA,MT,909
ZA,MU,632
ZA,MW,5907
ZA,MX,355
ZA,MZ,21022
ZA,NA,9422
ZA,NL,31024
ZA,NO,1936
ZA,NZ,101970
ZA,PA,84
ZA,PE,406
ZA,PL,783
ZA,PT,14232
ZA,SC,262
ZA,SI,94
ZA,SK,167
ZA,SL,72
ZA,SZ,12870
ZA,TZ,687
ZA,US,161507
ZA,VE,63
ZA,ZM,5022
ZA,ZW,20346
ZM,AO,316
ZM,AU,8060
ZM,BG,18
ZM,BO,2
ZM,BW,4661
ZM,CN,1737
ZM,CY,143
ZM,DK,726
ZM,EE,3
ZM,ER,188
ZM,FI,401
ZM,GR,256
ZM,HR,40
ZM,HU,35
ZM,IN,221
ZM,IS,18
ZM,IT,911
ZM,LS,158
ZM,LU,24
ZM,ML,761
ZM,MW,30614
ZM,MZ,5539
ZM,NA,3359
ZM,NO,620
ZM,SI,7
ZM,SK,12
ZM,SL,16
ZM,TJ,21
ZM,TZ,8289
ZM,ZA,22946
ZM,ZW,32680
ZW,AU,47195
ZW,BG,56
ZW,BO,3
ZW,BS,15
ZW,BW,67878
ZW,CA,14291
ZW,CN,2913
ZW,CR,1
ZW,CY,317
ZW,DK,486
ZW,EE,10
ZW,ER,253
ZW,FI,168
ZW,GB,132869
ZW,GN,2
ZW,GR,451
ZW,HU,114
ZW,IS,20
ZW,IT,975
ZW,LI,4
ZW,LS,158
ZW,LT,5
ZW,LU,82
ZW,LV,2
ZW,MT,184
ZW,MW,26561
ZW,MZ,101486
ZW,NA,16053
ZW,NO,355
ZW,NZ,9140
ZW,PT,1476
ZW,SI,20
ZW,SK,7
ZW,TZ,824
ZW,VE,12
ZW,ZA,1072620
ZW,ZM,22297
