destination,origin,stock_2024
AD,AR,780
AD,AU,73
AD,BE,244
AD,CH,90
AD,CL,243
AD,DE,387
AD,DK,126
AD,ES,23577
AD,FR,4455
AD,GB,1206
AD,IT,523
AD,MA,536
AD,NL,278
AD,PH,485
AD,PT,12251
AD,SE,54
AD,US,119
AD,UY,115
AE,AF,7665
AE,BD,1024949
AE,BH,1870
AE,EG,841883
AE,ER,18093
AE,ET,10340
AE,FR,16977
AE,GB,27318
AE,ID,298351
AE,IN,3248545
AE,JO,158125
AE,KW,63192
AE,LB,39223
AE,LK,112759
AE,MA,8368
AE,NG,14690
AE,NL,2953
AE,NP,26097
AE,PH,528527
AE,PK,932356
AE,PS,54566
AE,QA,2500
AE,SA,6157
AE,SD,124677
AE,SO,9109
AE,SS,14900
AE,SY,49529
AE,TD,5007
AE,TH,11996
AE,TN,5497
AE,TR,35736
AE,US,14618
AE,YE,192423
AF,PK,69788
AF,TJ,3011
AF,UZ,149
AG,AU,6
AG,BB,327
AG,BS,1
AG,BZ,13
AG,CA,470
AG,CN,144
AG,CU,20
AG,DE,88
AG,DM,5148
AG,DO,1934
AG,EG,9
AG,ES,11
AG,ET,95
AG,FR,43
AG,GB,1076
AG,GD,206
AG,GH,32
AG,GY,7064
AG,HN,6
AG,HT,34
AG,IN,84
AG,IT,76
AG,JM,4328
AG,JP,20
AG,KN,515
AG,LB,58
AG,LC,732
AG,MX,4
AG,NG,41
AG,NL,16
AG,NZ,11
AG,PK,0
AG,SR,47
AG,SY,263
AG,TT,780
AG,US,2850
AG,VC,994
AG,VE,40
AG,ZA,47
AL,CA,807
AL,GR,28166
AL,IT,7928
AL,MK,474
AL,TR,1746
AL,US,2114
AM,AZ,187421
AM,DE,530
AM,GE,30983
AM,GR,10
AM,IQ,1346
AM,IR,6793
AM,KZ,710
AM,LB,694
AM,RU,19330
AM,SY,6993
AM,TM,723
AM,TR,52
AM,UA,2668
AM,UZ,789
AO,CD,93210
AO,CG,1091
AO,CI,13031
AO,CV,9497
AO,GN,18697
AO,MZ,256
AO,NA,917
AO,PT,5454
AO,RW,1299
AO,ST,7062
AO,TD,1947
AO,ZA,6487
AO,ZM,316
AR,AM,884
AR,AT,794
AR,AU,659
AR,BE,776
AR,BG,366
AR,BO,337017
AR,BR,51527
AR,CA,1481
AR,CH,1260
AR,CL,141348
AR,CN,19955
AR,CO,53163
AR,CR,719
AR,CU,4007
AR,CY,356
AR,CZ,10
AR,DE,4642
AR,DK,472
AR,DO,8231
AR,DZ,229
AR,EC,9704
AR,EE,224
AR,EG,298
AR,ES,54371
AR,FR,4394
AR,GB,2014
AR,GR,799
AR,GT,553
AR,HN,574
AR,HR,765
AR,HT,1790
AR,HU,10
AR,IE,340
AR,IL,1455
AR,IR,227
AR,IT,53584
AR,JP,2909
AR,KP,5447
AR,KR,5368
AR,LA,618
AR,LB,616
AR,LT,403
AR,MA,252
AR,ME,1342
AR,MX,5941
AR,NI,304
AR,NL,774
AR,NO,287
AR,NZ,255
AR,PA,598
AR,PE,156019
AR,PL,1870
AR,PS,215
AR,PT,3723
AR,PY,517429
AR,RO,10
AR,RS,10
AR,RU,2271
AR,SE,609
AR,SI,580
AR,SK,220
AR,SN,1267
AR,SV,901
AR,SY,1338
AR,TR,650
AR,UA,3706
AR,US,14917
AR,UY,91485
AR,VE,192595
AR,ZA,441
AT,AF,54204
AT,AL,6148
AT,AM,3746
AT,BA,180515
AT,BG,38651
AT,BR,8207
AT,CH,16633
AT,CN,19448
AT,CZ,32780
AT,DE,268460
AT,EG,16395
AT,ES,10355
AT,FR,10544
AT,GB,13841
AT,GE,4209
AT,GR,8581
AT,HR,59348
AT,HU,96849
AT,IN,19411
AT,IQ,17372
AT,IR,29559
AT,IT,38913
AT,MD,5626
AT,MK,31837
AT,NG,8525
AT,NL,10748
AT,PH,14332
AT,PK,6739
AT,PL,79557
AT,RO,160281
AT,RS,145580
AT,RU,42595
AT,SI,25669
AT,SK,50437
AT,SO,9719
AT,SY,90968
AT,TH,7083
AT,TN,4909
AT,TR,161487
AT,UA,100164
AT,US,14035
AT,VN,3837
AT,ZA,3710
AU,AE,17673
AU,AF,81506
AU,AG,61
AU,AL,4105
AU,AM,1462
AU,AO,559
AU,AR,24708
AU,AT,13561
AU,AZ,828
AU,BA,29317
AU,BB,408
AU,BD,64969
AU,BE,7695
AU,BF,68
AU,BG,3874
AU,BH,2395
AU,BI,3255
AU,BJ,97
AU,BN,3357
AU,BO,1196
AU,BR,70220
AU,BS,305
AU,BT,25363
AU,BW,1736
AU,BY,2586
AU,BZ,80
AU,CA,57190
AU,CD,8028
AU,CF,191
AU,CG,2688
AU,CH,13265
AU,CI,682
AU,CL,35849
AU,CM,695
AU,CN,656264
AU,CO,59674
AU,CR,674
AU,CU,1008
AU,CY,16610
AU,CZ,10450
AU,DE,99593
AU,DJ,204
AU,DK,8927
AU,DO,313
AU,DZ,1643
AU,EC,3550
AU,EE,3498
AU,EG,46879
AU,ER,6928
AU,ES,19279
AU,ET,17141
AU,FI,7752
AU,FJ,83435
AU,FR,40681
AU,GA,57
AU,GB,1107102
AU,GD,143
AU,GE,865
AU,GH,8327
AU,GM,141
AU,GN,1175
AU,GR,89351
AU,GT,788
AU,GY,568
AU,HN,495
AU,HR,47534
AU,HT,130
AU,HU,16317
AU,ID,104566
AU,IE,90203
AU,IL,11821
AU,IN,876074
AU,IQ,112467
AU,IR,88697
AU,IS,403
AU,IT,151684
AU,JM,1335
AU,JO,9469
AU,JP,53094
AU,KE,30123
AU,KG,731
AU,KH,43862
AU,KI,1585
AU,KN,50
AU,KR,114174
AU,KW,8304
AU,KZ,2892
AU,LA,11771
AU,LB,93967
AU,LC,77
AU,LK,156876
AU,LR,3630
AU,LS,157
AU,LT,3094
AU,LU,322
AU,LV,3247
AU,LY,2812
AU,MA,2775
AU,MC,91
AU,MD,1471
AU,ME,1673
AU,MG,348
AU,MK,48723
AU,ML,53
AU,MM,46297
AU,MN,11188
AU,MT,34451
AU,MU,28962
AU,MV,712
AU,MW,1853
AU,MX,9381
AU,MY,181202
AU,MZ,1037
AU,NA,1890
AU,NG,19524
AU,NI,877
AU,NL,63634
AU,NO,3910
AU,NP,197472
AU,NR,782
AU,NZ,588088
AU,OM,1986
AU,PA,344
AU,PE,14420
AU,PG,34316
AU,PH,356833
AU,PK,127340
AU,PL,45945
AU,PS,3046
AU,PT,17637
AU,PY,635
AU,QA,2716
AU,RO,15735
AU,RS,28629
AU,RU,30312
AU,RW,1338
AU,SA,14397
AU,SB,7161
AU,SC,2623
AU,SD,17709
AU,SE,11508
AU,SG,68087
AU,SI,5483
AU,SK,6753
AU,SL,4218
AU,SN,509
AU,SO,9578
AU,SR,156
AU,SS,9693
AU,SV,10898
AU,SY,37008
AU,SZ,359
AU,TD,110
AU,TG,351
AU,TH,109845
AU,TJ,241
AU,TL,11546
AU,TM,153
AU,TN,788
AU,TO,19464
AU,TR,42544
AU,TT,1830
AU,TV,290
AU,TZ,4926
AU,UA,20391
AU,UG,5079
AU,US,114202
AU,UY,9951
AU,UZ,2546
AU,VC,57
AU,VE,8402
AU,VN,294435
AU,VU,10208
AU,WS,38964
AU,YE,1189
AU,ZA,213447
AU,ZM,8060
AU,ZW,47195
AZ,AF,1419
AZ,AM,116637
AZ,AU,91
AZ,BY,227
AZ,DE,183
AZ,EE,10
AZ,GE,18215
AZ,IR,710
AZ,KG,1321
AZ,KZ,1994
AZ,MD,111
AZ,NL,131
AZ,RO,114
AZ,RU,19714
AZ,TJ,138
AZ,TM,747
AZ,TR,1602
AZ,UA,8108
AZ,UZ,8122
BA,AT,184
BA,DE,488
BA,FR,153
BA,HR,11319
BA,HU,140
BA,IT,100
BA,ME,3889
BA,MK,2722
BA,RO,359
BA,RS,9041
BA,RU,155
BA,SI,1733
BA,SK,2996
BB,AG,196
BB,AU,23
BB,BS,48
BB,BZ,21
BB,CA,701
BB,CN,42
BB,CU,58
BB,DM,342
BB,GB,2560
BB,GD,395
BB,GY,6728
BB,HT,32
BB,IN,471
BB,JM,1013
BB,KN,110
BB,LC,2220
BB,SR,46
BB,TT,1520
BB,US,1054
BB,VC,3177
BD,BH,40631
BD,BR,20097
BD,CN,219299
BD,GB,45091
BD,ID,205947
BD,IN,46385
BD,JP,18539
BD,KH,26460
BD,LA,118769
BD,MM,1246705
BD,MY,274253
BD,NO,19278
BD,NP,52621
BD,SG,12909
BD,TH,14210
BD,US,61983
BD,VN,37076
BE,AF,50906
BE,AL,16175
BE,AM,3107
BE,AO,8571
BE,AR,3485
BE,AT,3408
BE,BD,3070
BE,BG,51857
BE,BI,13915
BE,BR,24464
BE,CA,5070
BE,CD,88896
BE,CG,3982
BE,CH,5711
BE,CI,8359
BE,CL,4639
BE,CM,30634
BE,CN,23856
BE,CO,9685
BE,DE,79619
BE,DO,3608
BE,DZ,30393
BE,EC,7478
BE,EG,6288
BE,ER,5434
BE,ES,58242
BE,ET,8073
BE,FI,2596
BE,FR,196995
BE,GB,22271
BE,GH,12780
BE,GN,21859
BE,GR,19720
BE,HU,8518
BE,ID,3816
BE,IE,3823
BE,IL,3589
BE,IN,33480
BE,IQ,24557
BE,IR,15212
BE,IT,116143
BE,JP,4484
BE,KR,4534
BE,LB,12974
BE,LT,3341
BE,LU,16076
BE,LV,2466
BE,MA,246575
BE,MD,6913
BE,MG,2773
BE,MK,2492
BE,MR,3018
BE,MU,3398
BE,MX,3940
BE,NE,2685
BE,NG,8134
BE,NL,136488
BE,NP,5887
BE,PE,4891
BE,PH,13572
BE,PK,15808
BE,PL,79624
BE,PS,8383
BE,PT,40781
BE,RO,131417
BE,RU,10232
BE,RW,15445
BE,SE,3319
BE,SL,3018
BE,SN,9114
BE,SO,12989
BE,SR,6731
BE,SV,2981
BE,SY,50068
BE,TG,7579
BE,TH,10952
BE,TN,19761
BE,TR,110089
BE,UA,82974
BE,US,16645
BE,VE,4270
BE,VN,8790
BE,ZA,5259
BF,BJ,4437
BF,CI,574409
BF,GH,34219
BF,ML,37862
BF,NE,13549
BF,NG,5490
BF,SN,4283
BF,TG,16349
BG,AD,0
BG,AE,477
BG,AF,586
BG,AG,6
BG,AL,1858
BG,AM,2478
BG,AO,21
BG,AR,175
BG,AT,2665
BG,AU,406
BG,AZ,2654
BG,BA,226
BG,BB,4
BG,BD,741
BG,BE,3584
BG,BF,18
BG,BH,39
BG,BI,25
BG,BJ,37
BG,BN,1
BG,BO,30
BG,BR,289
BG,BS,4
BG,BT,32
BG,BW,36
BG,BY,1526
BG,BZ,0
BG,CA,1035
BG,CD,18
BG,CG,36
BG,CH,825
BG,CI,21
BG,CL,37
BG,CM,33
BG,CN,2132
BG,CO,94
BG,CR,11
BG,CU,414
BG,CV,7
BG,CY,2034
BG,CZ,2108
BG,DE,17311
BG,DJ,3
BG,DK,763
BG,DM,0
BG,DO,77
BG,DZ,633
BG,EC,39
BG,EE,142
BG,EG,492
BG,ER,18
BG,ES,10245
BG,ET,87
BG,FI,290
BG,FJ,0
BG,FR,4154
BG,GA,11
BG,GB,16476
BG,GE,677
BG,GH,40
BG,GM,12
BG,GN,12
BG,GR,11085
BG,GT,6
BG,GW,4
BG,GY,4
BG,HN,6
BG,HR,172
BG,HT,6
BG,HU,538
BG,ID,87
BG,IE,529
BG,IL,1133
BG,IN,760
BG,IQ,1910
BG,IR,653
BG,IS,40
BG,IT,5492
BG,JM,7
BG,JO,403
BG,JP,303
BG,KE,39
BG,KG,326
BG,KH,18
BG,KI,4
BG,KP,51
BG,KR,316
BG,KW,312
BG,KZ,3174
BG,LA,0
BG,LB,1411
BG,LI,1
BG,LK,28
BG,LR,8
BG,LT,217
BG,LU,150
BG,LV,300
BG,LY,404
BG,MA,215
BG,MC,17
BG,MD,4324
BG,ME,56
BG,MG,1
BG,MH,0
BG,MK,6345
BG,ML,4
BG,MN,139
BG,MR,3
BG,MT,227
BG,MU,7
BG,MV,0
BG,MW,3
BG,MX,133
BG,MY,28
BG,MZ,52
BG,NA,11
BG,NE,0
BG,NG,338
BG,NI,52
BG,NL,2437
BG,NO,749
BG,NP,22
BG,NR,1
BG,NZ,87
BG,OM,12
BG,PA,10
BG,PE,45
BG,PG,1
BG,PH,213
BG,PK,399
BG,PL,2676
BG,PS,114
BG,PT,782
BG,PY,4
BG,QA,80
BG,RO,4839
BG,RS,4462
BG,RU,45089
BG,RW,1
BG,SA,191
BG,SC,1
BG,SD,66
BG,SE,707
BG,SG,45
BG,SI,177
BG,SK,542
BG,SL,1
BG,SM,6
BG,SN,19
BG,SO,32
BG,SR,3
BG,SV,15
BG,SY,24543
BG,SZ,1
BG,TD,6
BG,TG,4
BG,TH,78
BG,TJ,232
BG,TM,436
BG,TN,206
BG,TO,0
BG,TR,19877
BG,TT,6
BG,TV,0
BG,TZ,18
BG,UA,61074
BG,UG,12
BG,US,4750
BG,UY,23
BG,UZ,1272
BG,VA,0
BG,VE,72
BG,VN,975
BG,VU,21
BG,WS,7
BG,YE,128
BG,ZA,461
BG,ZM,18
BG,ZW,56
BH,AE,7139
BH,AF,772
BH,BD,103283
BH,EG,84943
BH,ER,1824
BH,ET,1040
BH,FR,1715
BH,GB,2748
BH,ID,30062
BH,IN,327698
BH,JO,15949
BH,KW,6371
BH,LB,3961
BH,LK,11369
BH,MA,843
BH,NG,1485
BH,NL,296
BH,NP,2641
BH,PH,53307
BH,PK,93973
BH,PS,5501
BH,QA,252
BH,SA,619
BH,SD,12550
BH,SO,916
BH,SS,1500
BH,SY,4984
BH,TD,504
BH,TH,1209
BH,TN,555
BH,TR,3597
BH,US,1473
BH,YE,19392
BI,BE,806
BI,CD,224091
BI,FR,402
BI,KE,1377
BI,RW,85969
BI,TZ,37409
BI,UG,1188
BJ,BF,13704
BJ,CG,4318
BJ,CI,36443
BJ,FR,1487
BJ,GH,17211
BJ,ML,3721
BJ,NE,82865
BJ,NG,92433
BJ,TD,1105
BJ,TG,120390
BN,AU,599
BN,BD,1439
BN,CN,2397
BN,GB,2397
BN,ID,7195
BN,IN,3596
BN,JP,236
BN,KR,177
BN,LK,1439
BN,MY,56375
BN,NL,357
BN,NP,6237
BN,NZ,236
BN,PH,15708
BN,PK,957
BN,SG,1798
BN,TH,16790
BN,US,177
BO,AD,0
BO,AE,0
BO,AF,1
BO,AG,0
BO,AL,1
BO,AM,6
BO,AO,7
BO,AR,53146
BO,AT,196
BO,AU,282
BO,AZ,1
BO,BA,11
BO,BB,0
BO,BD,33
BO,BE,468
BO,BG,29
BO,BH,0
BO,BI,0
BO,BJ,1
BO,BR,31945
BO,BS,0
BO,BY,6
BO,BZ,1124
BO,CA,1715
BO,CD,3
BO,CF,79
BO,CG,8
BO,CH,818
BO,CI,3
BO,CL,5882
BO,CM,15
BO,CN,1400
BO,CO,3685
BO,CR,181
BO,CU,2201
BO,CV,157
BO,CY,2
BO,CZ,64
BO,DE,2513
BO,DK,132
BO,DM,3
BO,DO,143
BO,DZ,3
BO,EC,1245
BO,EE,7
BO,EG,25
BO,ER,0
BO,ES,15148
BO,ET,2
BO,FI,48
BO,FJ,0
BO,FR,1537
BO,GA,0
BO,GB,1121
BO,GD,0
BO,GE,2
BO,GH,17
BO,GN,10
BO,GR,31
BO,GT,176
BO,GY,6
BO,HN,287
BO,HR,46
BO,HT,18
BO,HU,32
BO,ID,11
BO,IE,95
BO,IL,224
BO,IN,132
BO,IQ,11
BO,IR,76
BO,IS,2
BO,IT,1773
BO,JM,8
BO,JO,19
BO,JP,2063
BO,KE,17
BO,KG,6
BO,KN,0
BO,KP,11
BO,KR,626
BO,KW,6
BO,KZ,28
BO,LA,0
BO,LB,45
BO,LI,0
BO,LK,2
BO,LR,2
BO,LS,0
BO,LT,10
BO,LU,7
BO,LV,0
BO,LY,3
BO,MA,29
BO,MC,0
BO,MD,9
BO,ME,2
BO,MG,6
BO,MK,15
BO,ML,1
BO,MM,0
BO,MN,1
BO,MR,1
BO,MT,6
BO,MW,8
BO,MX,11841
BO,MY,9
BO,MZ,3
BO,NE,0
BO,NG,16
BO,NI,137
BO,NL,474
BO,NO,119
BO,NP,7
BO,NZ,78
BO,OM,0
BO,PA,135
BO,PE,14028
BO,PG,1
BO,PH,58
BO,PK,28
BO,PL,271
BO,PS,16
BO,PT,218
BO,PY,5328
BO,QA,1
BO,RO,88
BO,RS,25
BO,RU,406
BO,RW,1
BO,SA,16
BO,SB,1
BO,SD,2
BO,SE,363
BO,SG,1
BO,SI,10
BO,SK,23
BO,SL,2
BO,SN,9
BO,SO,3
BO,SR,0
BO,SV,156
BO,SY,2
BO,TD,0
BO,TG,1
BO,TH,10
BO,TJ,1
BO,TM,0
BO,TN,1
BO,TO,0
BO,TR,45
BO,TT,6
BO,TZ,6
BO,UA,141
BO,UG,0
BO,US,6088
BO,UY,631
BO,UZ,6
BO,VE,6372
BO,VN,15
BO,VU,0
BO,YE,0
BO,ZA,20
BO,ZM,2
BO,ZW,3
BR,AF,7050
BR,AO,15174
BR,AR,31403
BR,AT,2536
BR,AU,790
BR,BD,811
BR,BE,2100
BR,BF,396
BR,BG,270
BR,BJ,136
BR,BO,46373
BR,CA,2064
BR,CD,1524
BR,CG,282
BR,CH,3047
BR,CI,502
BR,CL,17324
BR,CM,723
BR,CN,24462
BR,CO,10230
BR,CR,462
BR,CU,23151
BR,CV,1430
BR,CZ,15
BR,DE,18078
BR,DK,564
BR,DO,906
BR,DZ,250
BR,EC,2181
BR,EE,210
BR,EG,3808
BR,ES,33197
BR,FI,626
BR,FR,11237
BR,GB,6230
BR,GH,599
BR,GM,78
BR,GN,443
BR,GR,1593
BR,GT,372
BR,GW,1521
BR,GY,2477
BR,HR,664
BR,HT,88383
BR,HU,1563
BR,ID,847
BR,IE,208
BR,IL,2367
BR,IN,2433
BR,IQ,967
BR,IR,815
BR,IS,556
BR,IT,39836
BR,JM,176
BR,JO,1261
BR,JP,52758
BR,KR,9395
BR,LB,14879
BR,LR,46
BR,LT,733
BR,MA,1689
BR,ML,454
BR,MR,142
BR,MX,3278
BR,MZ,1699
BR,NG,2384
BR,NI,455
BR,NL,3759
BR,NO,701
BR,NP,1370
BR,NZ,320
BR,PA,592
BR,PE,21594
BR,PH,746
BR,PK,922
BR,PL,28
BR,PS,429
BR,PT,146697
BR,PY,53941
BR,RO,50
BR,RS,18
BR,RU,486
BR,SA,386
BR,SD,79
BR,SE,715
BR,SI,227
BR,SK,245
BR,SL,100
BR,SN,637
BR,SO,196
BR,SR,356
BR,SV,71
BR,SY,8237
BR,TG,310
BR,TH,566
BR,TN,446
BR,TR,524
BR,TT,244
BR,TZ,150
BR,UA,2004
BR,US,27764
BR,UY,27225
BR,VE,571919
BR,VN,1357
BR,ZA,1941
BS,AG,14
BS,AR,124
BS,AT,43
BS,AU,93
BS,BB,268
BS,BE,32
BS,BG,22
BS,BR,135
BS,BW,14
BS,BZ,48
BS,CA,1777
BS,CH,346
BS,CL,38
BS,CN,194
BS,CO,217
BS,CR,59
BS,CU,454
BS,DE,326
BS,DK,16
BS,DM,84
BS,DO,328
BS,EC,47
BS,EE,16
BS,EG,33
BS,ES,124
BS,FR,161
BS,GB,2259
BS,GD,36
BS,GH,52
BS,GR,102
BS,GT,38
BS,GY,1513
BS,HN,47
BS,HT,31353
BS,ID,36
BS,IE,65
BS,IN,677
BS,IT,178
BS,JM,8510
BS,JP,38
BS,KE,22
BS,KN,37
BS,LC,87
BS,LK,42
BS,MX,151
BS,NG,180
BS,NI,10
BS,NL,59
BS,NO,12
BS,NZ,25
BS,PA,57
BS,PE,355
BS,PH,1266
BS,PK,0
BS,PL,21
BS,PT,16
BS,RO,114
BS,RU,61
BS,SE,31
BS,SV,81
BS,SZ,12
BS,TT,442
BS,UA,19
BS,UG,12
BS,US,10962
BS,UY,18
BS,VC,43
BS,VE,32
BS,ZA,116
BS,ZW,15
BT,AU,28
BT,BD,55
BT,CA,38
BT,CH,25
BT,CN,986
BT,DE,28
BT,DK,39
BT,FR,31
BT,GB,37
BT,IN,48810
BT,IT,12
BT,JP,137
BT,KR,34
BT,LK,34
BT,MM,35
BT,NL,20
BT,NP,780
BT,NZ,25
BT,PH,19
BT,PK,22
BT,SE,23
BT,SG,18
BT,TH,64
BT,US,147
BW,AO,822
BW,AU,413
BW,CA,195
BW,CD,1192
BW,CN,5043
BW,DE,355
BW,DK,363
BW,GB,1388
BW,IE,661
BW,IN,5964
BW,IT,575
BW,KE,1277
BW,LK,1043
BW,LS,292
BW,MG,591
BW,MU,244
BW,MW,1560
BW,MZ,638
BW,NA,1043
BW,NG,1302
BW,NL,672
BW,NO,413
BW,PK,490
BW,PT,490
BW,SC,10
BW,SE,461
BW,SZ,642
BW,TZ,859
BW,UG,342
BW,US,971
BW,ZA,6052
BW,ZM,4661
BW,ZW,67878
BY,AE,21
BY,AF,274
BY,AM,5577
BY,AR,98
BY,AT,56
BY,AU,26
BY,AZ,13138
BY,BE,34
BY,BG,58
BY,BR,90
BY,CA,150
BY,CH,27
BY,CU,42
BY,CZ,92
BY,DE,63
BY,DK,193
BY,DZ,50
BY,EE,3157
BY,ES,33
BY,ET,23
BY,FI,2055
BY,GB,448
BY,GE,8283
BY,GR,104
BY,HU,331
BY,IE,22
BY,IL,376
BY,IN,45
BY,IR,46
BY,IT,22
BY,JO,28
BY,KG,5096
BY,KP,57
BY,KR,27
BY,KZ,68126
BY,LB,62
BY,LT,16930
BY,LV,10211
BY,MD,7408
BY,MN,162
BY,NO,58
BY,PK,44
BY,PL,465
BY,RO,21
BY,RS,33
BY,RU,664610
BY,SE,329
BY,SK,25
BY,SY,79
BY,TJ,5530
BY,TM,5319
BY,TR,23
BY,UA,219832
BY,US,83
BY,UY,26
BY,UZ,14400
BY,VN,355
BY,YE,31
BZ,CA,1012
BZ,CN,2572
BZ,DE,84
BZ,GB,512
BZ,GT,29643
BZ,HN,10835
BZ,HT,66
BZ,IN,742
BZ,JM,621
BZ,LB,66
BZ,MX,4426
BZ,NG,54
BZ,SV,11092
BZ,US,5146
CA,AD,70
CA,AE,36578
CA,AF,70392
CA,AL,20718
CA,AM,5457
CA,AR,20267
CA,AT,12372
CA,AU,26777
CA,AZ,5913
CA,BA,36008
CA,BB,13022
CA,BD,79033
CA,BE,17760
CA,BG,20575
CA,BI,16563
CA,BN,4347
CA,BO,4219
CA,BR,58045
CA,BT,6227
CA,BY,13112
CA,CD,39790
CA,CH,17551
CA,CI,27793
CA,CL,27191
CA,CM,43662
CA,CN,771973
CA,CO,101001
CA,CR,5117
CA,CU,23859
CA,CY,3907
CA,CZ,18417
CA,DE,118463
CA,DK,9798
CA,DO,15172
CA,DZ,96774
CA,EC,16675
CA,EG,79528
CA,ER,42246
CA,ES,11315
CA,ET,46425
CA,FI,7526
CA,FJ,24028
CA,FR,131039
CA,GB,427526
CA,GD,9873
CA,GH,26394
CA,GN,7598
CA,GR,50296
CA,GT,18187
CA,GY,81615
CA,HN,9817
CA,HR,35035
CA,HT,107237
CA,HU,28068
CA,ID,16815
CA,IE,28912
CA,IL,30362
CA,IN,1015630
CA,IQ,98416
CA,IR,205304
CA,IT,183368
CA,JM,144301
CA,JO,20195
CA,JP,33767
CA,KE,29988
CA,KH,22917
CA,KR,151409
CA,KW,18999
CA,KZ,15397
CA,LA,13292
CA,LB,97179
CA,LC,7557
CA,LK,140870
CA,LT,4551
CA,LV,4608
CA,LY,10737
CA,MA,94694
CA,MD,22355
CA,MK,10214
CA,MM,10379
CA,MT,5795
CA,MU,20173
CA,MX,103620
CA,MY,24975
CA,NG,112065
CA,NI,10768
CA,NL,68248
CA,NO,3410
CA,NP,29554
CA,NZ,10875
CA,PE,33504
CA,PH,835779
CA,PK,266682
CA,PL,123819
CA,PS,9301
CA,PT,120690
CA,PY,6174
CA,RO,88282
CA,RS,30355
CA,RU,85753
CA,RW,9317
CA,SA,35996
CA,SD,19383
CA,SE,6411
CA,SG,12878
CA,SI,6412
CA,SK,12340
CA,SN,13811
CA,SO,34668
CA,SV,49004
CA,SY,125767
CA,TH,19110
CA,TN,30350
CA,TR,37802
CA,TT,62401
CA,TZ,21068
CA,UA,83861
CA,UG,15355
CA,US,256571
CA,UY,6231
CA,UZ,7652
CA,VC,14817
CA,VE,33298
CA,VN,179690
CA,ZA,52600
CA,ZW,14291
CD,AO,201592
CD,BI,67352
CD,CF,368125
CD,CG,7108
CD,RW,286208
CD,SD,6115
CD,SS,103594
CD,UG,6776
CF,AT,23
CF,AU,11
CF,CA,208
CF,CD,19448
CF,CH,163
CF,CY,6
CF,DK,1
CF,EG,42
CF,FR,10823
CF,IE,11
CF,IT,75
CF,ML,339
CF,NL,36
CF,RU,153
CF,SD,22100
CF,SE,13
CF,SI,47
CF,SS,2388
CF,ST,82
CF,TD,11328
CF,TG,9
CF,TR,6
CF,US,618
CF,ZA,57
CG,AO,40756
CG,BJ,15015
CG,CD,168387
CG,CF,32312
CG,CM,11167
CG,CN,912
CG,CU,528
CG,DE,571
CG,FR,10198
CG,GA,3125
CG,GQ,1562
CG,LB,1152
CG,ML,33521
CG,MR,3111
CG,PT,1424
CG,RU,2545
CG,RW,24825
CG,SN,13109
CG,TD,10439
CG,TG,2406
CG,US,163
CH,AF,24005
CH,AR,11810
CH,AT,57640
CH,BA,58221
CH,BE,19211
CH,BG,12532
CH,BR,51063
CH,CA,13033
CH,CN,30309
CH,CO,17521
CH,CZ,16719
CH,DE,371816
CH,DO,13870
CH,DZ,11016
CH,ER,31946
CH,ES,71167
CH,FR,195100
CH,GB,48706
CH,GR,19484
CH,HR,19802
CH,HU,29553
CH,IN,27635
CH,IQ,12464
CH,IR,17038
CH,IT,273822
CH,LK,37483
CH,MA,21949
CH,MK,85065
CH,NL,24215
CH,PE,12080
CH,PH,16482
CH,PL,53044
CH,PT,202178
CH,RO,40167
CH,RS,68585
CH,RU,30466
CH,SE,10012
CH,SK,24437
CH,SY,29396
CH,TH,22654
CH,TN,14494
CH,TR,86906
CH,UA,80919
CH,US,42809
CH,VN,12927
CI,BF,1820882
CI,BJ,75331
CI,GH,97313
CI,GN,111634
CI,LR,16014
CI,ML,403646
CI,NE,97848
CI,NG,60926
CI,SN,32378
CI,TG,95310
CL,AG,207
CL,AL,341
CL,AM,239
CL,AR,76995
CL,AT,669
CL,AU,1421
CL,BB,341
CL,BE,1232
CL,BI,281
CL,BO,150155
CL,BR,19238
CL,BZ,252
CL,CA,2004
CL,CD,207
CL,CH,1342
CL,CM,281
CL,CN,13126
CL,CO,189185
CL,CR,1067
CL,CU,17467
CL,CZ,201
CL,DE,6408
CL,DK,297
CL,DO,18210
CL,EC,46245
CL,EE,385
CL,ES,18086
CL,ET,222
CL,FI,264
CL,FR,6250
CL,GB,2912
CL,GE,252
CL,GR,224
CL,GT,771
CL,HN,856
CL,HR,293
CL,HT,172050
CL,HU,335
CL,IL,632
CL,IN,1865
CL,IQ,325
CL,IS,354
CL,IT,4352
CL,JM,222
CL,JP,1198
CL,KN,207
CL,KP,7
CL,KR,1190
CL,LA,207
CL,LB,268
CL,LT,532
CL,LV,695
CL,LY,266
CL,MA,210
CL,MX,7285
CL,MY,325
CL,MZ,237
CL,NI,569
CL,NL,932
CL,NO,486
CL,NP,281
CL,NZ,400
CL,OM,458
CL,PA,874
CL,PE,261522
CL,PH,757
CL,PK,845
CL,PL,599
CL,PS,927
CL,PT,779
CL,PY,6354
CL,QA,429
CL,RO,491
CL,RS,297
CL,RU,1273
CL,SE,1366
CL,SG,354
CL,SN,295
CL,SV,1289
CL,SY,644
CL,TN,398
CL,TR,479
CL,TZ,398
CL,UA,393
CL,US,14042
CL,UY,5963
CL,UZ,592
CL,VA,311
CL,VE,427821
CL,ZA,455
CM,AO,3303
CM,BJ,3103
CM,CA,230
CM,CD,5273
CM,CF,336349
CM,CG,3817
CM,DE,377
CM,FR,5968
CM,GA,1363
CM,GB,327
CM,GN,5918
CM,GQ,4341
CM,GR,244
CM,IT,655
CM,LR,5501
CM,ML,10608
CM,NE,13583
CM,NG,188266
CM,NL,204
CM,SN,4077
CM,TD,30917
CM,US,1057
CN,AF,1569
CN,AR,7565
CN,AT,1022
CN,AU,13927
CN,AZ,222
CN,BD,3569
CN,BE,1179
CN,BI,516
CN,BR,4866
CN,BT,113
CN,BY,1913
CN,CA,23177
CN,CD,1091
CN,CG,1263
CN,CH,749
CN,CI,588
CN,CL,930
CN,CM,2133
CN,CO,951
CN,CU,587
CN,DE,12294
CN,DK,837
CN,DZ,379
CN,EC,807
CN,EG,1423
CN,ES,2945
CN,ET,1704
CN,FI,575
CN,FR,10089
CN,GB,13630
CN,GH,3252
CN,GN,724
CN,GQ,602
CN,ID,3725
CN,IE,1102
CN,IL,602
CN,IN,7765
CN,IQ,482
CN,IR,1331
CN,IT,4682
CN,JM,572
CN,JO,434
CN,JP,40436
CN,KE,1078
CN,KG,591
CN,KH,6091
CN,KP,9636
CN,KR,65073
CN,KZ,1862
CN,LA,9927
CN,LK,378
CN,LR,794
CN,MA,1026
CN,MG,705
CN,ML,960
CN,MM,367052
CN,MN,1078
CN,MU,198
CN,MX,1590
CN,MY,9810
CN,NG,4915
CN,NL,2508
CN,NO,398
CN,NP,1388
CN,NZ,3811
CN,PA,800
CN,PE,767
CN,PH,5817
CN,PK,8464
CN,PL,798
CN,RS,771
CN,RU,21040
CN,RW,1400
CN,SA,276
CN,SD,796
CN,SE,1427
CN,SG,9088
CN,SO,638
CN,SY,1147
CN,TH,5498
CN,TJ,651
CN,TM,1169
CN,TR,1152
CN,TZ,1967
CN,UA,9603
CN,UG,917
CN,US,60434
CN,UZ,1611
CN,VE,5886
CN,VN,88254
CN,YE,4407
CN,ZA,5129
CN,ZM,1737
CN,ZW,2913
CO,AF,670
CO,AL,236
CO,AR,6491
CO,AT,210
CO,AU,761
CO,BE,590
CO,BO,1267
CO,BR,5335
CO,CA,1942
CO,CH,852
CO,CL,5406
CO,CN,1582
CO,CR,2070
CO,CU,3164
CO,CV,255
CO,DE,2248
CO,DO,1198
CO,EC,21357
CO,ES,19547
CO,FR,3574
CO,GB,1873
CO,GT,979
CO,HN,795
CO,IL,341
CO,IN,503
CO,IT,3511
CO,JP,726
CO,KP,13
CO,KR,659
CO,LB,560
CO,MX,6422
CO,NI,625
CO,NL,722
CO,PA,3506
CO,PE,6178
CO,PL,217
CO,PT,557
CO,PY,287
CO,RO,164
CO,RU,706
CO,SA,213
CO,SE,323
CO,SI,353
CO,SV,898
CO,TR,276
CO,US,22519
CO,UY,746
CO,VE,2904873
CO,VU,4
CR,AF,5
CR,AL,5
CR,AM,10
CR,AO,4
CR,AR,2125
CR,AT,183
CR,AU,95
CR,AZ,4
CR,BB,16
CR,BD,4
CR,BE,422
CR,BG,103
CR,BH,1
CR,BJ,1
CR,BO,533
CR,BR,787
CR,BS,17
CR,BT,5
CR,BY,7
CR,BZ,202
CR,CA,2038
CR,CD,4
CR,CF,7
CR,CG,11
CR,CH,971
CR,CI,4
CR,CL,2517
CR,CM,13
CR,CN,420
CR,CO,30809
CR,CU,8336
CR,CY,4
CR,DE,2701
CR,DK,91
CR,DM,7
CR,DO,1589
CR,DZ,17
CR,EC,1842
CR,EE,4
CR,EG,16
CR,ES,3132
CR,ET,1
CR,FI,31
CR,FJ,1
CR,FR,1262
CR,GA,1
CR,GB,751
CR,GD,11
CR,GE,17
CR,GH,1
CR,GR,47
CR,GT,3852
CR,GY,40
CR,HN,5682
CR,HR,34
CR,HT,103
CR,HU,107
CR,ID,24
CR,IE,42
CR,IL,245
CR,IN,77
CR,IQ,22
CR,IR,144
CR,IS,1
CR,IT,3087
CR,JM,314
CR,JO,16
CR,JP,408
CR,KE,11
CR,KH,4
CR,KN,1
CR,KP,51
CR,KR,364
CR,KZ,7
CR,LA,5
CR,LB,127
CR,LC,1
CR,LI,5
CR,LK,1
CR,LT,13
CR,LU,22
CR,LV,1
CR,LY,16
CR,MA,5
CR,MC,1
CR,MD,5
CR,MG,4
CR,MK,37
CR,MM,17
CR,MN,22
CR,MV,1
CR,MX,4489
CR,MY,5
CR,MZ,5
CR,NG,4
CR,NI,423401
CR,NL,847
CR,NO,110
CR,NP,11
CR,NZ,24
CR,OM,4
CR,PA,16546
CR,PE,5479
CR,PH,202
CR,PK,13
CR,PL,436
CR,PT,113
CR,PY,119
CR,QA,4
CR,RO,142
CR,RU,866
CR,RW,1
CR,SA,19
CR,SD,1
CR,SE,198
CR,SG,11
CR,SK,31
CR,SN,1
CR,SO,1
CR,SR,28
CR,SV,20131
CR,SY,16
CR,SZ,1
CR,TH,10
CR,TN,5
CR,TR,11
CR,TT,48
CR,TZ,5
CR,UA,224
CR,UG,13
CR,US,18354
CR,UY,451
CR,UZ,1
CR,VC,1
CR,VE,34048
CR,VN,1
CR,ZA,81
CR,ZW,1
CU,AL,0
CU,AO,21
CU,AR,25
CU,BG,9
CU,BO,33
CU,CA,18
CU,CL,47
CU,CN,30
CU,CO,30
CU,CZ,17
CU,DE,75
CU,DO,10
CU,DZ,6
CU,EC,33
CU,ES,357
CU,FR,49
CU,GB,22
CU,GD,11
CU,GT,13
CU,HT,38
CU,HU,6
CU,IT,263
CU,JM,27
CU,LB,6
CU,MX,75
CU,NI,50
CU,PA,8
CU,PE,28
CU,PL,8
CU,RO,43
CU,RU,243
CU,UA,93
CU,US,125
CU,VE,174
CV,AO,408
CV,AR,3
CV,BE,9
CV,BR,315
CV,CH,13
CV,CI,6
CV,CN,24
CV,CU,93
CV,DE,72
CV,ES,157
CV,FR,221
CV,GA,7
CV,GB,55
CV,GH,45
CV,GM,4
CV,GN,456
CV,GW,5576
CV,IT,450
CV,JP,0
CV,LU,3
CV,ML,6
CV,MX,2
CV,MZ,27
CV,NG,741
CV,NL,39
CV,PE,2
CV,PT,1281
CV,RU,771
CV,SL,15
CV,SN,1634
CV,ST,1893
CV,TL,7
CV,UA,23
CV,US,387
CY,AE,158
CY,AF,6
CY,AL,291
CY,AM,1238
CY,AR,86
CY,AT,370
CY,AU,3143
CY,AZ,36
CY,BA,69
CY,BD,1620
CY,BE,272
CY,BG,6498
CY,BH,110
CY,BI,1
CY,BJ,6
CY,BN,1
CY,BO,8
CY,BR,58
CY,BW,6
CY,BY,357
CY,CA,1586
CY,CD,720
CY,CF,14
CY,CH,396
CY,CL,49
CY,CM,2001
CY,CN,1689
CY,CO,131
CY,CR,1
CY,CU,36
CY,CZ,710
CY,DE,2741
CY,DJ,1
CY,DK,174
CY,DO,8
CY,DZ,36
CY,EC,6
CY,EE,28
CY,EG,5473
CY,ER,1
CY,ES,162
CY,ET,83
CY,FI,519
CY,FJ,1
CY,FR,964
CY,GB,38082
CY,GE,16136
CY,GH,86
CY,GR,25031
CY,HN,1
CY,HR,86
CY,HT,1
CY,HU,363
CY,ID,179
CY,IE,817
CY,IL,402
CY,IN,2900
CY,IQ,1352
CY,IR,1267
CY,IS,33
CY,IT,506
CY,JM,14
CY,JO,464
CY,JP,86
CY,KE,86
CY,KG,23
CY,KP,33
CY,KR,6
CY,KW,243
CY,KZ,246
CY,LA,1
CY,LB,2904
CY,LK,10425
CY,LT,97
CY,LU,8
CY,LV,171
CY,LY,238
CY,MA,64
CY,MD,990
CY,MG,6
CY,MK,19
CY,MM,47
CY,MT,33
CY,MU,8
CY,MW,6
CY,MX,64
CY,MY,47
CY,MZ,8
CY,NA,1
CY,NE,6
CY,NG,317
CY,NI,8
CY,NL,506
CY,NO,208
CY,NP,57
CY,NZ,97
CY,OM,64
CY,PA,19
CY,PE,33
CY,PH,7606
CY,PK,1458
CY,PL,744
CY,PS,2536
CY,PT,64
CY,PY,6
CY,QA,8
CY,RO,5707
CY,RS,2673
CY,RU,13731
CY,SA,243
CY,SC,6
CY,SD,546
CY,SE,961
CY,SG,33
CY,SI,14
CY,SK,143
CY,SL,1
CY,SN,6
CY,SO,8
CY,SR,1
CY,SV,8
CY,SY,12150
CY,TH,272
CY,TJ,6
CY,TM,8
CY,TN,36
CY,TR,642
CY,TT,14
CY,TZ,151
CY,UA,3457
CY,UG,19
CY,US,3355
CY,UY,1
CY,UZ,74
CY,VE,64
CY,VN,64
CY,YE,14
CY,ZA,5240
CY,ZM,143
CY,ZW,317
CZ,AM,2416
CZ,AT,2076
CZ,AZ,1897
CZ,BA,2793
CZ,BE,1231
CZ,BG,12878
CZ,BR,1483
CZ,BY,7789
CZ,CA,1336
CZ,CH,1135
CZ,CN,4799
CZ,DE,9238
CZ,EG,1315
CZ,ES,2806
CZ,FR,4320
CZ,GB,10153
CZ,GE,1636
CZ,GR,2415
CZ,HR,2048
CZ,HU,3095
CZ,IE,1149
CZ,IN,5675
CZ,IR,1132
CZ,IT,5867
CZ,JP,1471
CZ,KG,1439
CZ,KR,1596
CZ,KZ,8719
CZ,MD,9622
CZ,MK,2311
CZ,MN,5498
CZ,NL,1670
CZ,PH,2690
CZ,PL,18652
CZ,RO,11061
CZ,RS,5697
CZ,RU,41778
CZ,SK,231387
CZ,SY,1713
CZ,TH,1363
CZ,TN,1190
CZ,TR,2604
CZ,UA,515214
CZ,US,7462
CZ,UZ,2510
CZ,VN,29508
DE,AF,358767
DE,AT,213019
DE,BA,320423
DE,BG,338439
DE,CN,168314
DE,CZ,344686
DE,ES,166899
DE,FR,155932
DE,GR,242582
DE,HR,271197
DE,HU,212221
DE,IN,267343
DE,IQ,263918
DE,IR,283454
DE,IT,436759
DE,KZ,896268
DE,MA,156555
DE,MK,147204
DE,PL,1883559
DE,RO,968697
DE,RS,303740
DE,RU,1137448
DE,SY,860697
DE,TR,1504743
DE,UA,1416521
DE,US,152501
DE,VN,140939
DJ,ET,13235
DJ,SO,99940
DJ,YE,5600
DK,AD,15
DK,AE,915
DK,AF,14440
DK,AG,6
DK,AL,1237
DK,AM,828
DK,AO,207
DK,AR,6313
DK,AT,2195
DK,AU,3795
DK,AZ,481
DK,BA,16175
DK,BB,46
DK,BD,4525
DK,BE,3003
DK,BF,140
DK,BG,12544
DK,BH,128
DK,BI,557
DK,BJ,59
DK,BN,16
DK,BO,515
DK,BR,6445
DK,BS,22
DK,BT,617
DK,BW,79
DK,BY,1095
DK,BZ,8
DK,CA,4217
DK,CD,2032
DK,CF,22
DK,CG,170
DK,CH,3323
DK,CI,506
DK,CL,2270
DK,CM,1048
DK,CN,16145
DK,CO,4100
DK,CR,220
DK,CU,663
DK,CV,43
DK,CY,401
DK,CZ,2331
DK,DE,44855
DK,DJ,22
DK,DM,18
DK,DO,271
DK,DZ,1053
DK,EC,777
DK,EE,1483
DK,EG,2187
DK,ER,5985
DK,ES,10780
DK,ET,2443
DK,FI,3948
DK,FJ,30
DK,FR,10002
DK,GA,16
DK,GB,23607
DK,GD,13
DK,GE,389
DK,GH,2801
DK,GM,733
DK,GN,136
DK,GQ,13
DK,GR,5226
DK,GT,319
DK,GW,151
DK,GY,102
DK,HN,186
DK,HR,3200
DK,HT,170
DK,HU,6940
DK,ID,1546
DK,IE,2603
DK,IL,2053
DK,IN,20963
DK,IQ,21857
DK,IR,21174
DK,IS,8868
DK,IT,13051
DK,JM,183
DK,JO,1401
DK,JP,2351
DK,KE,2150
DK,KG,156
DK,KH,318
DK,KI,2
DK,KM,15
DK,KN,3
DK,KP,328
DK,KR,8936
DK,KW,1516
DK,KZ,493
DK,LA,83
DK,LB,13454
DK,LC,11
DK,LI,22
DK,LK,8218
DK,LR,171
DK,LS,48
DK,LT,13942
DK,LU,739
DK,LV,5985
DK,LY,422
DK,MA,6166
DK,MC,25
DK,MD,2447
DK,ME,513
DK,MG,95
DK,MH,0
DK,MK,4426
DK,ML,60
DK,MM,1766
DK,MN,79
DK,MR,30
DK,MT,174
DK,MU,165
DK,MV,14
DK,MW,104
DK,MX,2302
DK,MY,1077
DK,MZ,278
DK,NA,114
DK,NE,15
DK,NG,2102
DK,NI,274
DK,NL,9170
DK,NO,20886
DK,NP,8562
DK,NR,2
DK,NZ,1003
DK,OM,44
DK,PA,184
DK,PE,1405
DK,PG,14
DK,PH,12381
DK,PK,14908
DK,PL,49767
DK,PS,0
DK,PT,4695
DK,PY,129
DK,QA,196
DK,RO,40659
DK,RS,2365
DK,RU,8516
DK,RW,674
DK,SA,563
DK,SB,2
DK,SC,18
DK,SD,858
DK,SE,26460
DK,SG,1171
DK,SI,556
DK,SK,3199
DK,SL,344
DK,SM,8
DK,SN,214
DK,SO,10486
DK,SR,33
DK,SS,50
DK,ST,9
DK,SV,125
DK,SY,34528
DK,SZ,59
DK,TD,25
DK,TG,145
DK,TH,15432
DK,TJ,57
DK,TL,2
DK,TM,41
DK,TN,1089
DK,TO,18
DK,TR,35075
DK,TT,183
DK,TV,2
DK,TZ,1349
DK,UA,43532
DK,UG,2226
DK,US,16584
DK,UY,304
DK,UZ,484
DK,VA,0
DK,VC,4
DK,VE,1315
DK,VN,11473
DK,VU,5
DK,WS,29
DK,YE,220
DK,ZA,2999
DK,ZM,726
DK,ZW,486
DM,AG,459
DM,AU,6
DM,BB,172
DM,BS,11
DM,CA,190
DM,CN,38
DM,CU,11
DM,DE,30
DM,FR,82
DM,GB,659
DM,GY,197
DM,HT,2585
DM,IN,28
DM,JM,132
DM,KN,64
DM,LB,34
DM,LC,291
DM,NG,51
DM,NL,9
DM,SR,18
DM,SY,15
DM,TT,318
DM,US,649
DM,VC,128
DM,VE,30
DO,AG,201
DO,AR,1204
DO,AT,231
DO,AU,44
DO,BA,5
DO,BE,287
DO,BG,82
DO,BH,23
DO,BI,3
DO,BO,190
DO,BR,724
DO,BS,43
DO,BT,9
DO,CA,1367
DO,CF,151
DO,CH,1174
DO,CL,713
DO,CM,25
DO,CN,4252
DO,CO,3195
DO,CR,345
DO,CU,3669
DO,CV,3
DO,CZ,31
DO,DE,2090
DO,DK,27
DO,DM,15
DO,EC,653
DO,ES,7844
DO,FI,29
DO,FR,4200
DO,GB,543
DO,GR,70
DO,GT,481
DO,GY,25
DO,HN,477
DO,HT,535116
DO,HU,23
DO,IE,36
DO,IL,68
DO,IN,105
DO,IQ,29
DO,IR,33
DO,IT,4719
DO,JM,148
DO,JP,387
DO,KH,136
DO,KN,153
DO,KR,633
DO,KZ,11
DO,LB,166
DO,MA,37
DO,MD,12
DO,MK,28
DO,MT,27
DO,MX,1686
DO,MY,18
DO,NG,27
DO,NI,327
DO,NL,666
DO,NO,60
DO,PA,851
DO,PE,1606
DO,PH,55
DO,PK,87
DO,PL,49
DO,PS,19
DO,PT,119
DO,PY,27
DO,RO,47
DO,RS,81
DO,RU,543
DO,SA,18
DO,SE,82
DO,SR,29
DO,SV,300
DO,SY,27
DO,TD,3
DO,TR,33
DO,TT,25
DO,UA,83
DO,US,15776
DO,UY,204
DO,VE,124140
DO,ZA,11
DZ,DE,789
DZ,FR,563
DZ,GB,810
DZ,ID,1467
DZ,IQ,7711
DZ,IT,751
DZ,JO,2296
DZ,KW,1215
DZ,LB,1242
DZ,LY,2364
DZ,MY,890
DZ,PS,32225
DZ,RU,813
DZ,SA,3992
DZ,SD,1623
DZ,SO,11773
DZ,SY,8038
DZ,US,1111
DZ,YE,2404
EC,AF,173
EC,AR,3254
EC,AT,92
EC,AU,105
EC,BE,272
EC,BO,1091
EC,BR,1256
EC,CA,1088
EC,CH,358
EC,CL,4102
EC,CN,2452
EC,CO,159966
EC,CR,431
EC,CU,11964
EC,DE,1100
EC,DO,736
EC,ES,21320
EC,FR,787
EC,GB,694
EC,GT,334
EC,HN,426
EC,HT,333
EC,IL,199
EC,IN,317
EC,IR,327
EC,IT,4800
EC,JP,134
EC,KP,10
EC,KR,317
EC,LB,183
EC,MX,1797
EC,NG,160
EC,NI,409
EC,NL,243
EC,PA,422
EC,PE,14275
EC,PK,159
EC,PY,245
EC,RU,799
EC,SV,433
EC,SY,283
EC,UA,456
EC,US,13588
EC,UY,487
EC,VE,487871
EE,AD,1
EE,AE,33
EE,AF,66
EE,AG,7
EE,AL,42
EE,AM,760
EE,AO,3
EE,AR,55
EE,AT,200
EE,AU,225
EE,AZ,1656
EE,BA,2
EE,BB,1
EE,BD,268
EE,BE,278
EE,BG,342
EE,BH,0
EE,BJ,1
EE,BO,5
EE,BR,249
EE,BT,3
EE,BY,10721
EE,BZ,0
EE,CA,213
EE,CD,12
EE,CF,0
EE,CG,5
EE,CH,139
EE,CI,6
EE,CL,29
EE,CM,82
EE,CN,504
EE,CO,58
EE,CR,12
EE,CU,33
EE,CV,0
EE,CY,48
EE,CZ,308
EE,DE,2554
EE,DK,229
EE,DO,5
EE,DZ,33
EE,EC,24
EE,EG,164
EE,ES,744
EE,ET,14
EE,FI,6040
EE,FJ,0
EE,FR,978
EE,GB,1322
EE,GE,1804
EE,GH,60
EE,GM,2
EE,GN,1
EE,GR,174
EE,GT,10
EE,GY,2
EE,HN,12
EE,HR,48
EE,HU,251
EE,ID,41
EE,IE,336
EE,IL,104
EE,IN,725
EE,IQ,64
EE,IR,220
EE,IS,43
EE,IT,1275
EE,JM,3
EE,JO,29
EE,JP,163
EE,KE,22
EE,KG,555
EE,KH,6
EE,KI,0
EE,KN,0
EE,KP,3
EE,KR,101
EE,KW,12
EE,KZ,3825
EE,LB,42
EE,LI,0
EE,LK,63
EE,LT,2210
EE,LU,29
EE,LV,6143
EE,LY,9
EE,MA,38
EE,MC,0
EE,MD,1146
EE,ME,8
EE,MG,1
EE,MK,19
EE,MM,1
EE,MN,47
EE,MR,1
EE,MT,14
EE,MU,10
EE,MW,0
EE,MX,134
EE,MY,17
EE,MZ,2
EE,NA,4
EE,NG,611
EE,NI,3
EE,NL,348
EE,NO,467
EE,NP,148
EE,NZ,30
EE,OM,3
EE,PA,7
EE,PE,40
EE,PG,1
EE,PH,108
EE,PK,266
EE,PL,758
EE,PS,11
EE,PT,240
EE,PY,0
EE,QA,4
EE,RO,312
EE,RS,53
EE,RU,121354
EE,RW,4
EE,SA,18
EE,SD,26
EE,SE,970
EE,SG,18
EE,SI,41
EE,SK,180
EE,SL,8
EE,SN,3
EE,SO,3
EE,SR,2
EE,SV,4
EE,SY,177
EE,TG,2
EE,TH,111
EE,TJ,380
EE,TM,338
EE,TN,26
EE,TO,0
EE,TR,477
EE,TT,2
EE,TZ,5
EE,UA,24628
EE,UG,9
EE,US,1203
EE,UY,6
EE,UZ,1117
EE,VA,0
EE,VE,47
EE,VN,54
EE,YE,19
EE,ZA,60
EE,ZM,3
EE,ZW,10
EG,AE,432
EG,AF,486
EG,AM,274
EG,AU,1077
EG,BD,762
EG,BE,982
EG,BH,45
EG,BI,240
EG,BR,206
EG,BY,221
EG,CA,690
EG,CG,228
EG,CH,224
EG,CI,176
EG,CM,327
EG,CN,34659
EG,CZ,425
EG,DE,11205
EG,DJ,223
EG,DK,616
EG,DZ,465
EG,ER,32390
EG,ES,786
EG,ET,17747
EG,FI,236
EG,FR,2419
EG,GB,15793
EG,GN,200
EG,GR,91
EG,ID,3074
EG,IL,7095
EG,IN,1141
EG,IQ,20517
EG,IT,4458
EG,JO,2616
EG,JP,805
EG,KM,2218
EG,KR,352
EG,KW,1064
EG,LA,235
EG,LB,1572
EG,LY,2564
EG,MA,979
EG,MY,2311
EG,NE,298
EG,NG,1578
EG,NL,3809
EG,NO,302
EG,OM,144
EG,PH,1485
EG,PK,186
EG,PL,1970
EG,PS,89239
EG,QA,212
EG,RU,26357
EG,SA,3490
EG,SD,500000
EG,SE,930
EG,SG,170
EG,SL,22
EG,SN,201
EG,SO,50036
EG,SS,37915
EG,SY,156146
EG,TD,225
EG,TH,945
EG,TN,507
EG,TR,595
EG,UA,1643
EG,US,2512
EG,YE,10716
EG,ZA,304
ER,AO,270
ER,BI,820
ER,CD,1324
ER,CN,105
ER,ET,84
ER,FR,341
ER,GB,43
ER,IN,92
ER,KE,274
ER,KM,149
ER,MW,604
ER,MZ,867
ER,RW,365
ER,SD,163
ER,SO,1937
ER,SS,1167
ER,TZ,412
ER,UG,1195
ER,ZA,95
ER,ZM,188
ER,ZW,253
ES,AR,390798
ES,BD,21104
ES,BE,55364
ES,BG,103587
ES,BO,188863
ES,BR,179946
ES,CH,59271
ES,CL,73732
ES,CN,198909
ES,CO,792228
ES,CU,215409
ES,DE,174637
ES,DO,202074
ES,DZ,83122
ES,EC,432111
ES,FR,217960
ES,GB,294986
ES,GE,30621
ES,GH,24178
ES,GM,29653
ES,GQ,24372
ES,HN,218548
ES,IE,19990
ES,IN,66624
ES,IT,167387
ES,MA,1088408
ES,MD,25841
ES,ML,36036
ES,MX,77724
ES,NG,33772
ES,NI,98452
ES,NL,57390
ES,PE,352470
ES,PH,57473
ES,PK,126260
ES,PL,51651
ES,PT,93840
ES,PY,144878
ES,RO,522578
ES,RU,128600
ES,SE,22685
ES,SN,101026
ES,SV,42228
ES,UA,217765
ES,US,68613
ES,UY,89340
ES,VE,602539
ET,BI,130
ET,CD,1041
ET,CN,26824
ET,DJ,1364
ET,ER,176860
ET,KE,5564
ET,SD,88958
ET,SO,389246
ET,SS,443743
ET,SY,679
ET,UG,18
ET,YE,2503
FI,AD,2
FI,AE,303
FI,AF,8262
FI,AG,1
FI,AL,831
FI,AM,135
FI,AO,519
FI,AR,541
FI,AT,777
FI,AU,1466
FI,AZ,210
FI,BA,955
FI,BB,14
FI,BD,3511
FI,BE,812
FI,BF,34
FI,BG,3021
FI,BH,24
FI,BI,89
FI,BJ,22
FI,BN,5
FI,BO,195
FI,BR,2224
FI,BS,7
FI,BT,2
FI,BW,22
FI,BY,521
FI,BZ,0
FI,CA,1948
FI,CD,2332
FI,CF,8
FI,CG,147
FI,CH,1351
FI,CI,172
FI,CL,638
FI,CM,1288
FI,CN,13671
FI,CO,1446
FI,CR,86
FI,CU,649
FI,CV,15
FI,CY,239
FI,CZ,391
FI,DE,8045
FI,DJ,14
FI,DK,1321
FI,DM,8
FI,DO,241
FI,DZ,1194
FI,EC,265
FI,EE,55655
FI,EG,1772
FI,ER,1019
FI,ES,3586
FI,ET,2891
FI,FJ,11
FI,FR,3159
FI,GA,16
FI,GB,7604
FI,GD,1
FI,GE,131
FI,GH,2142
FI,GM,1062
FI,GN,131
FI,GQ,12
FI,GR,1971
FI,GT,100
FI,GW,9
FI,GY,19
FI,HN,108
FI,HR,345
FI,HT,13
FI,HU,2797
FI,ID,835
FI,IE,786
FI,IL,933
FI,IN,8186
FI,IQ,21546
FI,IR,8959
FI,IS,211
FI,IT,3558
FI,JM,101
FI,JO,410
FI,JP,1710
FI,KE,1839
FI,KG,99
FI,KH,377
FI,KM,2
FI,KN,0
FI,KP,6
FI,KR,835
FI,KW,259
FI,KZ,405
FI,LA,66
FI,LB,860
FI,LC,4
FI,LK,1351
FI,LR,134
FI,LT,1608
FI,LU,124
FI,LV,2868
FI,LY,293
FI,MA,2976
FI,MC,11
FI,MD,406
FI,ME,18
FI,MG,22
FI,MK,250
FI,ML,27
FI,MM,1431
FI,MN,74
FI,MR,44
FI,MT,62
FI,MU,58
FI,MV,0
FI,MW,121
FI,MX,1171
FI,MY,625
FI,MZ,86
FI,NA,179
FI,NE,25
FI,NG,3431
FI,NI,139
FI,NL,1946
FI,NO,2180
FI,NP,4232
FI,NZ,299
FI,OM,19
FI,PA,34
FI,PE,722
FI,PG,13
FI,PH,5759
FI,PK,3689
FI,PL,5907
FI,PS,79
FI,PT,704
FI,PW,0
FI,PY,33
FI,QA,32
FI,RO,4557
FI,RS,297
FI,RU,17907
FI,RW,617
FI,SA,570
FI,SB,2
FI,SC,7
FI,SD,1388
FI,SE,39331
FI,SG,313
FI,SI,120
FI,SK,393
FI,SL,171
FI,SM,0
FI,SN,254
FI,SO,14208
FI,SR,1
FI,SS,11
FI,SV,87
FI,SY,7325
FI,SZ,12
FI,TD,13
FI,TG,109
FI,TH,13078
FI,TJ,74
FI,TM,40
FI,TN,951
FI,TO,0
FI,TR,8998
FI,TT,52
FI,TV,0
FI,TZ,660
FI,UA,63352
FI,UG,319
FI,US,6410
FI,UY,148
FI,UZ,450
FI,VA,0
FI,VC,1
FI,VE,341
FI,VN,10214
FI,VU,0
FI,WS,2
FI,YE,263
FI,ZA,1203
FI,ZM,401
FI,ZW,168
FJ,AU,1979
FJ,BD,1425
FJ,CN,964
FJ,GB,355
FJ,IN,1347
FJ,KI,808
FJ,NZ,631
FJ,PK,1903
FJ,SB,732
FJ,TO,1389
FJ,TV,428
FJ,VU,190
FJ,WS,308
FM,JP,48
FM,KR,47
FM,MH,94
FM,PH,130
FM,PW,292
FM,TO,17
FM,US,179
FM,WS,20
FR,AF,89849
FR,AL,54967
FR,AM,42785
FR,BE,169102
FR,BG,35728
FR,BJ,31581
FR,BR,72483
FR,CD,120178
FR,CG,94890
FR,CH,96066
FR,CI,169206
FR,CM,127995
FR,CN,120595
FR,CO,43218
FR,CV,34814
FR,DE,189761
FR,DZ,1405235
FR,EG,36806
FR,ES,254830
FR,GA,36785
FR,GB,163042
FR,GN,92446
FR,HT,116971
FR,IN,66688
FR,IT,303685
FR,KH,57402
FR,KM,231788
FR,LA,36591
FR,LB,51485
FR,LK,56880
FR,LU,32587
FR,MA,1066129
FR,MC,34658
FR,MD,54287
FR,MG,162751
FR,ML,120393
FR,MU,44709
FR,NL,40630
FR,PK,36278
FR,PL,84406
FR,PT,585896
FR,RO,156668
FR,RS,96840
FR,RU,85277
FR,SD,31621
FR,SN,176632
FR,SR,34228
FR,SY,60670
FR,TN,444223
FR,TR,260167
FR,UA,99261
FR,US,59171
FR,VN,116008
GA,AO,1199
GA,BE,541
GA,BF,7582
GA,BI,179
GA,BJ,56627
GA,CA,314
GA,CD,9660
GA,CG,17698
GA,CI,3679
GA,CM,54949
GA,CN,371
GA,DE,93
GA,DZ,117
GA,FR,17428
GA,GH,6900
GA,GN,5396
GA,GQ,94354
GA,IL,15
GA,JP,31
GA,KP,171
GA,KR,208
GA,LB,2710
GA,MA,774
GA,ML,59837
GA,NG,25938
GA,RW,226
GA,SN,33087
GA,ST,7058
GA,SY,29
GA,TD,4904
GA,TG,24966
GA,TN,241
GA,US,594
GA,ZA,12
GB,AF,99398
GB,AU,124319
GB,BD,298666
GB,CA,81845
GB,CN,179337
GB,DE,287772
GB,ES,211894
GB,FR,174571
GB,GH,154782
GB,HR,15398
GB,IE,360446
GB,IN,1044779
GB,IQ,99203
GB,IR,124200
GB,IT,342143
GB,JM,146646
GB,KE,137817
GB,LK,160178
GB,LT,206668
GB,MY,66932
GB,NG,324007
GB,NZ,50762
GB,PH,176515
GB,PK,703309
GB,PL,902193
GB,PT,193901
GB,RO,713578
GB,SG,45936
GB,SO,119728
GB,TR,145391
GB,UA,274187
GB,US,243570
GB,ZA,245446
GB,ZW,132869
GD,AG,40
GD,BB,183
GD,BS,31
GD,CA,229
GD,DM,75
GD,GY,371
GD,JM,119
GD,KN,15
GD,LC,168
GD,TT,2331
GD,VC,405
GD,VE,330
GE,AF,41
GE,AL,9
GE,AM,13147
GE,AR,14
GE,AT,25
GE,AZ,6191
GE,BE,22
GE,BG,237
GE,BY,1132
GE,CH,13
GE,CN,76
GE,CU,11
GE,CZ,34
GE,DE,647
GE,DZ,16
GE,EE,124
GE,ES,17
GE,FI,10
GE,FR,40
GE,GB,34
GE,GR,168
GE,HU,49
GE,IL,31
GE,IN,31
GE,IR,124
GE,IT,16
GE,KG,256
GE,KZ,1766
GE,LB,8
GE,LT,216
GE,LV,211
GE,MD,496
GE,MN,28
GE,NL,10
GE,NP,16
GE,PE,20
GE,PK,88
GE,PL,185
GE,RO,226
GE,RU,38308
GE,TJ,152
GE,TM,209
GE,TR,485
GE,UA,12544
GE,US,112
GE,UZ,786
GH,AU,41
GH,BF,75339
GH,BJ,22051
GH,BR,15
GH,CA,361
GH,CD,37
GH,CH,189
GH,CI,82933
GH,CM,147
GH,CN,297
GH,DZ,15
GH,EG,48
GH,ET,37
GH,FR,284
GH,GB,1782
GH,GM,2109
GH,GN,178
GH,IL,57
GH,IN,1116
GH,IT,302
GH,JP,70
GH,KE,17
GH,LB,1290
GH,LK,23
GH,LR,39038
GH,ML,6592
GH,MR,15
GH,NE,7760
GH,NG,90111
GH,NL,238
GH,PH,34
GH,PK,85
GH,PL,58
GH,RU,85
GH,RW,488
GH,SD,30
GH,SL,3061
GH,SN,95
GH,SY,65
GH,TD,17
GH,TG,115972
GH,TZ,9
GH,US,800
GM,GN,49508
GM,GW,15119
GM,LR,1185
GM,ML,11344
GM,MR,3992
GM,SL,2856
GM,SN,145276
GN,AD,4
GN,AF,1
GN,AG,4134
GN,AL,9
GN,AM,7
GN,AO,105
GN,AR,102
GN,AT,0
GN,AU,8
GN,AZ,3
GN,BA,0
GN,BB,9
GN,BD,0
GN,BE,36
GN,BF,545
GN,BG,1
GN,BH,1
GN,BI,35
GN,BJ,378
GN,BO,3
GN,BR,12
GN,BS,11
GN,BT,1
GN,BW,44
GN,BZ,0
GN,CA,41
GN,CD,71
GN,CF,15
GN,CG,112
GN,CH,15
GN,CI,7401
GN,CL,9
GN,CM,181
GN,CN,156
GN,CO,2436
GN,CR,108
GN,CU,1657
GN,CV,30
GN,DE,23
GN,DJ,15
GN,DK,61
GN,DM,11
GN,DO,0
GN,DZ,6542
GN,EC,0
GN,EG,23
GN,ER,19
GN,ES,1101
GN,ET,10
GN,FI,4
GN,FJ,1
GN,FM,1
GN,FR,229
GN,GA,68
GN,GB,6
GN,GH,545
GN,GM,259
GN,GQ,9933
GN,GW,4217
GN,HN,276
GN,HR,16
GN,HT,21
GN,IL,9
GN,IN,44
GN,IT,75
GN,JO,0
GN,JP,48
GN,KE,1856
GN,KH,7
GN,KI,1
GN,KM,706
GN,KP,1144
GN,KR,394
GN,LB,143
GN,LI,2
GN,LK,0
GN,LR,2567
GN,LS,28
GN,LV,19
GN,LY,40
GN,MA,307
GN,MD,1
GN,MG,8
GN,MH,4
GN,ML,43694
GN,MM,0
GN,MR,1070
GN,MU,13
GN,MW,15
GN,MY,0
GN,MZ,16
GN,NA,1
GN,NE,178
GN,NG,352
GN,NI,3
GN,NL,34
GN,NO,0
GN,NP,21
GN,NR,15
GN,NZ,0
GN,PG,14
GN,PH,1
GN,PK,16
GN,PL,0
GN,PT,12
GN,PW,7
GN,RO,3
GN,RS,0
GN,RU,35
GN,RW,35
GN,SA,27
GN,SB,10
GN,SC,1
GN,SD,5
GN,SE,1
GN,SI,24
GN,SL,8065
GN,SN,1985
GN,SO,4
GN,SS,1
GN,ST,29
GN,SV,2
GN,SY,6
GN,SZ,3
GN,TD,360
GN,TG,493
GN,TH,45
GN,TJ,0
GN,TN,493
GN,TO,901
GN,TR,31
GN,TV,0
GN,TZ,0
GN,UA,7
GN,UG,0
GN,US,278
GN,UY,0
GN,UZ,0
GN,VC,26
GN,VN,3
GN,WS,24
GN,ZA,1161
GN,ZW,2
GQ,CM,1033
GQ,ES,1658
GQ,FR,5917
GQ,GA,331
GQ,NG,464
GQ,ST,1936
GR,AD,1
GR,AE,92
GR,AF,48116
GR,AG,31
GR,AL,474441
GR,AM,15479
GR,AO,12
GR,AR,693
GR,AT,2438
GR,AU,21915
GR,AZ,547
GR,BA,474
GR,BB,8
GR,BD,3029
GR,BE,5551
GR,BF,37
GR,BG,78992
GR,BH,22
GR,BI,141
GR,BJ,5
GR,BO,22
GR,BR,2399
GR,BS,21
GR,BT,0
GR,BW,5
GR,BY,1578
GR,BZ,2
GR,CA,13663
GR,CD,5069
GR,CF,424
GR,CG,1531
GR,CH,4004
GR,CI,133
GR,CL,395
GR,CM,1641
GR,CN,3678
GR,CO,429
GR,CR,39
GR,CU,379
GR,CV,13
GR,CY,23412
GR,CZ,4797
GR,DE,123912
GR,DJ,40
GR,DK,974
GR,DM,17
GR,DO,611
GR,DZ,432
GR,EC,90
GR,EE,138
GR,EG,30630
GR,ER,1416
GR,ES,1277
GR,ET,2620
GR,FI,833
GR,FJ,0
GR,FR,7251
GR,GA,5
GR,GB,19156
GR,GD,0
GR,GE,90365
GR,GH,646
GR,GM,52
GR,GN,187
GR,GQ,7
GR,GT,32
GR,GW,0
GR,GY,8
GR,HN,52
GR,HR,462
GR,HT,39
GR,HU,1871
GR,ID,478
GR,IE,637
GR,IL,770
GR,IN,10998
GR,IQ,17950
GR,IR,4976
GR,IS,56
GR,IT,6826
GR,JM,11
GR,JO,879
GR,JP,550
GR,KE,489
GR,KG,592
GR,KH,20
GR,KM,79
GR,KN,0
GR,KP,35
GR,KR,226
GR,KW,279
GR,KZ,29238
GR,LA,42
GR,LB,2222
GR,LI,7
GR,LK,960
GR,LR,32
GR,LS,0
GR,LT,589
GR,LU,148
GR,LV,379
GR,LY,693
GR,MA,2246
GR,MC,46
GR,MD,10886
GR,MG,138
GR,MH,0
GR,MK,2348
GR,ML,112
GR,MM,101
GR,MN,5
GR,MR,64
GR,MT,95
GR,MU,39
GR,MV,0
GR,MX,427
GR,MY,65
GR,MZ,67
GR,NA,5
GR,NE,24
GR,NG,3096
GR,NI,171
GR,NL,4057
GR,NO,558
GR,NP,70
GR,NZ,530
GR,OM,2
GR,PA,168
GR,PE,314
GR,PG,1
GR,PH,9176
GR,PK,9373
GR,PL,16970
GR,PS,4553
GR,PT,348
GR,PW,201
GR,PY,84
GR,QA,1193
GR,RO,50056
GR,RS,4745
GR,RU,58726
GR,RW,103
GR,SA,459
GR,SB,0
GR,SC,24
GR,SD,2007
GR,SE,5870
GR,SG,88
GR,SI,138
GR,SK,931
GR,SL,187
GR,SM,0
GR,SN,692
GR,SO,4024
GR,SR,6
GR,ST,4
GR,SV,52
GR,SY,45531
GR,SZ,20
GR,TD,17
GR,TG,22
GR,TH,407
GR,TJ,103
GR,TL,231
GR,TM,123
GR,TN,687
GR,TR,36204
GR,TT,16
GR,TV,8
GR,TZ,426
GR,UA,21082
GR,UG,149
GR,US,24748
GR,UY,119
GR,UZ,8986
GR,VA,0
GR,VC,4
GR,VE,1111
GR,VN,225
GR,VU,74
GR,WS,483
GR,YE,296
GR,ZA,7484
GR,ZM,256
GR,ZW,451
GT,AR,654
GT,AU,81
GT,BO,159
GT,BR,283
GT,BZ,1082
GT,CA,469
GT,CH,181
GT,CL,354
GT,CN,775
GT,CO,1366
GT,CR,1373
GT,CU,779
GT,DE,756
GT,DO,126
GT,EC,196
GT,EG,35
GT,ES,1560
GT,FR,302
GT,GB,262
GT,HN,9924
GT,HT,14
GT,ID,46
GT,IL,154
GT,IR,20
GT,IT,433
GT,JP,173
GT,KR,2113
GT,LB,27
GT,MX,20758
GT,NI,10131
GT,NL,164
GT,PA,353
GT,PE,540
GT,PH,78
GT,PK,29
GT,PS,53
GT,PT,32
GT,PY,68
GT,SA,35
GT,SE,54
GT,SV,22750
GT,SY,91
GT,TR,27
GT,US,10228
GT,UY,164
GT,VE,333
GW,CA,34
GW,CV,338
GW,FR,66
GW,GM,917
GW,GN,3032
GW,LR,532
GW,MR,342
GW,PT,505
GW,SL,491
GW,SN,7634
GW,US,190
GY,AG,16
GY,BB,273
GY,BR,2190
GY,BS,14
GY,CA,408
GY,CN,1175
GY,DM,43
GY,GB,586
GY,GD,195
GY,JM,302
GY,LC,222
GY,SR,4717
GY,TT,902
GY,US,1286
GY,VC,375
GY,VE,40545
HN,AR,197
HN,BE,25
HN,BO,152
HN,BR,244
HN,BZ,379
HN,CA,361
HN,CH,62
HN,CL,320
HN,CN,619
HN,CO,902
HN,CR,895
HN,CU,635
HN,DE,302
HN,DO,139
HN,EC,478
HN,ES,546
HN,FR,149
HN,GB,105
HN,GT,4796
HN,HT,44
HN,IL,93
HN,IT,270
HN,JM,27
HN,JO,41
HN,JP,144
HN,KP,63
HN,KR,70
HN,MX,1631
HN,NI,8086
HN,NL,94
HN,PA,413
HN,PE,399
HN,PS,159
HN,PY,36
HN,RU,25
HN,SE,32
HN,SV,9234
HN,US,7079
HN,UY,68
HN,VE,105
HR,AL,152
HR,AR,177
HR,AT,4614
HR,AU,1428
HR,BA,363041
HR,BE,334
HR,BG,271
HR,BO,28
HR,BR,171
HR,BY,83
HR,CA,898
HR,CH,2696
HR,CL,111
HR,CN,397
HR,CO,39
HR,CZ,849
HR,DE,30277
HR,DK,90
HR,DZ,48
HR,EE,16
HR,EG,221
HR,ES,167
HR,FI,34
HR,FR,1577
HR,GB,598
HR,GR,130
HR,HU,935
HR,ID,22
HR,IE,46
HR,IL,47
HR,IN,58
HR,IQ,71
HR,IR,42
HR,IT,2813
HR,JO,59
HR,JP,48
HR,KR,22
HR,KZ,58
HR,LB,57
HR,LT,22
HR,LU,26
HR,LV,22
HR,LY,132
HR,MA,24
HR,MD,100
HR,ME,5539
HR,MK,9014
HR,MX,34
HR,NG,24
HR,NL,723
HR,NO,99
HR,NZ,102
HR,PE,75
HR,PH,66
HR,PL,658
HR,PS,37
HR,PT,44
HR,RO,446
HR,RS,45887
HR,RU,1173
HR,SD,57
HR,SE,560
HR,SI,17559
HR,SK,574
HR,SY,159
HR,TR,75
HR,UA,25475
HR,US,1447
HR,VE,47
HR,ZA,180
HR,ZM,40
HT,AR,473
HT,AT,170
HT,CA,640
HT,CH,383
HT,CL,338
HT,CN,354
HT,CO,845
HT,CR,277
HT,CU,1229
HT,DE,916
HT,DO,2464
HT,ES,1327
HT,FR,450
HT,IT,1255
HT,JP,223
HT,MX,310
HT,PE,358
HT,US,1644
HT,UY,289
HT,VE,2579
HU,AD,0
HU,AE,729
HU,AF,2142
HU,AG,0
HU,AL,593
HU,AM,265
HU,AO,137
HU,AR,510
HU,AT,13198
HU,AU,1470
HU,AZ,728
HU,BA,517
HU,BB,4
HU,BD,288
HU,BE,3036
HU,BF,14
HU,BG,1676
HU,BH,44
HU,BI,14
HU,BJ,39
HU,BN,1
HU,BO,65
HU,BR,1558
HU,BS,8
HU,BT,14
HU,BW,14
HU,BY,314
HU,BZ,2
HU,CA,3437
HU,CD,83
HU,CF,17
HU,CG,90
HU,CH,4355
HU,CI,70
HU,CL,252
HU,CM,380
HU,CN,20818
HU,CO,395
HU,CR,116
HU,CU,729
HU,CV,22
HU,CY,362
HU,CZ,1754
HU,DE,42037
HU,DJ,4
HU,DK,758
HU,DM,2
HU,DO,70
HU,DZ,1096
HU,EC,258
HU,EE,189
HU,EG,2619
HU,ER,47
HU,ES,3066
HU,ET,235
HU,FI,1088
HU,FJ,5
HU,FR,5708
HU,GA,8
HU,GB,17771
HU,GD,4
HU,GE,426
HU,GH,334
HU,GM,15
HU,GN,71
HU,GQ,6
HU,GR,1605
HU,GT,38
HU,GW,12
HU,GY,11
HU,HN,11
HU,HR,2692
HU,HT,9
HU,ID,669
HU,IE,2413
HU,IL,2239
HU,IN,3795
HU,IQ,1728
HU,IR,4866
HU,IS,175
HU,IT,7298
HU,JM,38
HU,JO,1024
HU,JP,2441
HU,KE,300
HU,KG,291
HU,KH,104
HU,KI,0
HU,KM,2
HU,KN,0
HU,KP,20
HU,KR,2278
HU,KW,448
HU,KZ,987
HU,LA,123
HU,LB,615
HU,LC,2
HU,LI,4
HU,LK,87
HU,LR,25
HU,LS,1
HU,LT,311
HU,LU,336
HU,LV,229
HU,LY,466
HU,MA,520
HU,MC,8
HU,MD,701
HU,ME,107
HU,MG,52
HU,MK,355
HU,ML,31
HU,MM,37
HU,MN,2114
HU,MR,6
HU,MT,188
HU,MU,87
HU,MW,4
HU,MX,835
HU,MY,184
HU,MZ,34
HU,NA,29
HU,NE,9
HU,NG,2087
HU,NI,31
HU,NL,5030
HU,NO,1745
HU,NP,133
HU,NR,0
HU,NZ,290
HU,OM,42
HU,PA,34
HU,PE,315
HU,PG,5
HU,PH,629
HU,PK,1244
HU,PL,3991
HU,PS,215
HU,PT,743
HU,PY,22
HU,QA,140
HU,RO,253045
HU,RS,56850
HU,RU,5406
HU,RW,27
HU,SA,532
HU,SC,9
HU,SD,265
HU,SE,2192
HU,SG,120
HU,SI,536
HU,SK,24748
HU,SL,35
HU,SM,4
HU,SN,60
HU,SO,557
HU,SR,14
HU,SV,25
HU,SY,3177
HU,SZ,2
HU,TD,6
HU,TG,32
HU,TH,1661
HU,TJ,20
HU,TM,52
HU,TN,676
HU,TO,2
HU,TR,4000
HU,TT,19
HU,TZ,92
HU,UA,83688
HU,UG,114
HU,US,11044
HU,UY,66
HU,UZ,201
HU,VC,1
HU,VE,977
HU,VN,6219
HU,VU,0
HU,WS,1
HU,YE,436
HU,ZA,712
HU,ZM,35
HU,ZW,114
ID,AF,5979
ID,AU,1940
ID,CN,82568
ID,ER,171
ID,ET,119
ID,GB,1753
ID,IN,22758
ID,IQ,536
ID,IR,220
ID,JP,9938
ID,KH,0
ID,KR,6527
ID,LK,396
ID,MM,2063
ID,MY,161013
ID,PH,1607
ID,PK,244
ID,PS,206
ID,SA,8877
ID,SD,444
ID,SG,1743
ID,SO,1170
ID,TH,10481
ID,TL,95603
ID,US,1917
ID,VN,15
ID,YE,448
IE,AU,11165
IE,BR,48605
IE,CA,7811
IE,CN,18391
IE,DE,15484
IE,ES,20849
IE,FR,15924
IE,GB,293559
IE,HR,15615
IE,HU,8628
IE,IN,70228
IE,IT,17508
IE,LT,34584
IE,LV,20840
IE,MD,19842
IE,NG,22078
IE,PH,21796
IE,PK,16059
IE,PL,102708
IE,PT,6795
IE,RO,47700
IE,RU,8466
IE,SK,9573
IE,UA,125016
IE,US,36363
IE,ZA,18857
IL,AF,2927
IL,AR,48082
IL,AT,5672
IL,AU,3987
IL,AZ,15580
IL,BE,7375
IL,BG,18875
IL,BR,10891
IL,BY,26340
IL,CA,10021
IL,CD,241
IL,CH,4679
IL,CI,40
IL,CL,4070
IL,CN,1513
IL,CO,3652
IL,CZ,17662
IL,DE,27015
IL,DK,2383
IL,DZ,53589
IL,EG,24428
IL,ER,7896
IL,ES,1993
IL,ET,101417
IL,FI,687
IL,FR,43511
IL,GB,26577
IL,GE,8167
IL,GH,419
IL,GR,1239
IL,HU,13993
IL,IN,23441
IL,IQ,77676
IL,IR,61572
IL,IT,6174
IL,KE,239
IL,KG,2664
IL,KZ,17166
IL,LB,7638
IL,LK,879
IL,LR,38437
IL,LT,2896
IL,LV,3668
IL,LY,19768
IL,MA,190607
IL,MD,10053
IL,MM,238
IL,MX,3237
IL,NG,765
IL,NL,6070
IL,PE,3175
IL,PL,62789
IL,RO,116289
IL,RU,126688
IL,SD,4918
IL,SE,1528
IL,SS,122
IL,SY,10778
IL,TJ,1761
IL,TM,2996
IL,TN,52231
IL,TR,32098
IL,UA,151855
IL,UG,329
IL,US,97258
IL,UY,7774
IL,UZ,24744
IL,VE,1769
IL,YE,34979
IL,ZA,14535
IN,AE,19941
IN,AF,17646
IN,AU,1769
IN,BD,2293959
IN,BN,21878
IN,BT,6555
IN,CA,2590
IN,CD,234
IN,CM,236
IN,CN,88321
IN,DE,1366
IN,FJ,108
IN,FR,888
IN,GB,5693
IN,ID,780
IN,IE,155
IN,IQ,656
IN,IR,1810
IN,JP,802
IN,KE,2078
IN,KW,7034
IN,KZ,78
IN,LK,253869
IN,MM,132598
IN,MU,172
IN,MV,574
IN,MY,11283
IN,NG,720
IN,NP,663518
IN,PK,768138
IN,PT,91
IN,RU,640
IN,SA,10381
IN,SD,811
IN,SG,5575
IN,SO,892
IN,TR,58
IN,UG,718
IN,US,16671
IN,VN,520
IN,YE,665
IN,ZA,3709
IN,ZM,221
IQ,AE,293
IQ,AF,318
IQ,EG,14705
IQ,ER,824
IQ,IN,237
IQ,IR,14747
IQ,JO,10581
IQ,KW,409
IQ,LB,1558
IQ,MA,599
IQ,MR,204
IQ,PK,698
IQ,PS,12337
IQ,RU,278
IQ,SA,690
IQ,SD,3881
IQ,SO,423
IQ,SS,301
IQ,SY,258068
IQ,TN,318
IQ,TR,20972
IQ,YE,2049
IR,AF,3752317
IR,AM,1008
IR,AZ,4882
IR,IQ,55516
IR,PK,12822
IR,TM,1992
IR,TR,392
IS,AD,3
IS,AE,17
IS,AF,163
IS,AG,0
IS,AL,332
IS,AM,15
IS,AO,76
IS,AR,125
IS,AT,246
IS,AU,260
IS,AZ,29
IS,BA,412
IS,BB,0
IS,BD,18
IS,BE,311
IS,BF,0
IS,BG,778
IS,BH,0
IS,BJ,2
IS,BO,23
IS,BR,328
IS,BS,8
IS,BY,103
IS,BZ,0
IS,CA,553
IS,CD,3
IS,CG,2
IS,CH,341
IS,CI,11
IS,CL,131
IS,CM,8
IS,CN,1128
IS,CO,388
IS,CR,27
IS,CU,97
IS,CV,82
IS,CY,17
IS,CZ,1223
IS,DE,3243
IS,DJ,0
IS,DK,5917
IS,DM,3
IS,DO,88
IS,DZ,103
IS,EC,83
IS,EE,269
IS,EG,68
IS,ER,14
IS,ES,1497
IS,ET,133
IS,FI,356
IS,FJ,0
IS,FR,1374
IS,GA,0
IS,GB,2804
IS,GE,79
IS,GH,201
IS,GM,29
IS,GN,35
IS,GQ,36
IS,GR,273
IS,GT,54
IS,GW,3
IS,GY,35
IS,HN,91
IS,HR,1081
IS,HT,20
IS,HU,763
IS,ID,239
IS,IE,227
IS,IL,68
IS,IN,588
IS,IQ,356
IS,IR,251
IS,IT,793
IS,JM,32
IS,JO,41
IS,JP,178
IS,KE,156
IS,KG,9
IS,KH,2
IS,KP,0
IS,KR,74
IS,KW,5
IS,KZ,53
IS,LA,0
IS,LB,76
IS,LI,0
IS,LK,287
IS,LR,9
IS,LT,4789
IS,LU,272
IS,LV,2902
IS,LY,11
IS,MA,396
IS,MC,0
IS,MD,171
IS,ME,18
IS,MG,3
IS,MK,127
IS,ML,6
IS,MM,6
IS,MN,32
IS,MR,3
IS,MT,14
IS,MU,9
IS,MW,2
IS,MX,240
IS,MY,73
IS,MZ,45
IS,NA,65
IS,NG,234
IS,NI,9
IS,NL,616
IS,NO,2098
IS,NP,195
IS,NZ,118
IS,OM,3
IS,PA,11
IS,PE,159
IS,PG,2
IS,PH,3449
IS,PK,142
IS,PL,31868
IS,PS,41
IS,PT,1634
IS,PY,3
IS,QA,5
IS,RO,2529
IS,RS,1136
IS,RU,743
IS,RW,0
IS,SA,27
IS,SB,0
IS,SD,9
IS,SE,3559
IS,SG,32
IS,SI,106
IS,SK,781
IS,SL,29
IS,SM,3
IS,SN,44
IS,SO,48
IS,SV,41
IS,SY,423
IS,TD,2
IS,TG,17
IS,TH,2265
IS,TJ,3
IS,TL,0
IS,TM,2
IS,TN,62
IS,TO,2
IS,TR,157
IS,TT,9
IS,TZ,36
IS,UA,660
IS,UG,91
IS,US,3932
IS,UY,17
IS,UZ,20
IS,VC,0
IS,VE,156
IS,VN,1384
IS,YE,2
IS,ZA,157
IS,ZM,18
IS,ZW,20
IT,AE,1118
IT,AF,19207
IT,AL,542638
IT,AM,2373
IT,AO,1835
IT,AR,88572
IT,AT,14432
IT,AU,18314
IT,AZ,1626
IT,BA,29671
IT,BD,179289
IT,BE,42866
IT,BF,15279
IT,BG,50769
IT,BI,1410
IT,BJ,3320
IT,BO,14942
IT,BR,137935
IT,BY,14832
IT,CA,23315
IT,CD,7127
IT,CG,2836
IT,CH,181622
IT,CI,35037
IT,CL,12743
IT,CM,16244
IT,CN,240895
IT,CO,45753
IT,CR,1840
IT,CU,41658
IT,CV,5847
IT,CY,474
IT,CZ,9387
IT,DE,194597
IT,DK,3005
IT,DO,50413
IT,DZ,21682
IT,EC,76883
IT,EE,1524
IT,EG,157018
IT,ER,9107
IT,ES,37029
IT,ET,25419
IT,FI,2577
IT,FR,115100
IT,GA,662
IT,GB,67246
IT,GE,33454
IT,GH,48828
IT,GM,26164
IT,GN,14112
IT,GR,15677
IT,GT,2492
IT,GW,3131
IT,HN,4756
IT,HR,20875
IT,HT,1021
IT,HU,12815
IT,ID,4226
IT,IE,4101
IT,IL,4033
IT,IN,186967
IT,IQ,8547
IT,IR,23973
IT,JO,2908
IT,JP,8158
IT,KE,4755
IT,KG,2833
IT,KH,1360
IT,KR,4692
IT,KW,747
IT,KZ,5280
IT,LB,8898
IT,LK,95118
IT,LR,2038
IT,LT,6214
IT,LU,4337
IT,LV,3700
IT,LY,29343
IT,MA,472734
IT,MC,1438
IT,MD,218594
IT,ME,2186
IT,MG,2903
IT,MK,67492
IT,ML,23958
IT,MM,468
IT,MR,846
IT,MT,2127
IT,MU,7315
IT,MX,11351
IT,MY,764
IT,MZ,953
IT,NE,1480
IT,NG,112792
IT,NI,1626
IT,NL,13193
IT,NO,1722
IT,NP,2550
IT,NZ,959
IT,PA,1170
IT,PE,127352
IT,PH,147183
IT,PK,158436
IT,PL,92115
IT,PS,848
IT,PT,6761
IT,PY,3107
IT,RO,880402
IT,RS,34138
IT,RU,85716
IT,RW,954
IT,SA,1449
IT,SC,777
IT,SD,3304
IT,SE,5953
IT,SG,713
IT,SI,6049
IT,SK,10301
IT,SL,2470
IT,SM,1963
IT,SN,127427
IT,SO,12642
IT,SV,24538
IT,SY,8712
IT,TD,531
IT,TG,6576
IT,TH,11785
IT,TN,117917
IT,TR,21689
IT,TZ,1958
IT,UA,396128
IT,UG,1205
IT,US,50957
IT,UY,6681
IT,UZ,2832
IT,VE,64313
IT,VN,6580
IT,ZA,6245
IT,ZM,911
IT,ZW,975
JM,AG,156
JM,BB,550
JM,BS,685
JM,BZ,7
JM,CA,1359
JM,CR,102
JM,CU,1854
JM,DM,140
JM,GB,4909
JM,GD,210
JM,GT,312
JM,HN,165
JM,IN,1166
JM,KN,99
JM,LC,339
JM,NI,126
JM,PA,75
JM,SV,135
JM,TT,2380
JM,US,6452
JM,VC,230
JO,BD,26252
JO,EG,767948
JO,IQ,219163
JO,LY,28839
JO,PH,22618
JO,PS,2379525
JO,SY,1593643
JO,YE,38858
JP,AF,6050
JP,AR,3266
JP,AU,11962
JP,BD,28989
JP,BE,1063
JP,BO,6454
JP,BR,207220
JP,CA,11477
JP,CH,1323
JP,CL,1177
JP,CM,1290
JP,CN,809893
JP,CO,2655
JP,DE,8181
JP,DK,937
JP,EG,2236
JP,ES,3896
JP,FR,15078
JP,GB,19617
JP,GH,2838
JP,ID,157343
JP,IE,1295
JP,IN,49313
JP,IR,4201
JP,IT,5245
JP,KE,1041
JP,KH,24912
JP,KP,23696
JP,KR,393944
JP,LA,3865
JP,LK,49037
JP,MM,92214
JP,MN,20179
JP,MX,3503
JP,MY,11275
JP,NG,3939
JP,NL,1798
JP,NP,185644
JP,NZ,3785
JP,PE,47836
JP,PH,319772
JP,PK,25754
JP,PL,1756
JP,PY,2201
JP,RO,2212
JP,RU,11547
JP,SE,1820
JP,SG,3472
JP,SN,1032
JP,SY,1451
JP,TH,61263
JP,TR,6403
JP,UA,4229
JP,US,62509
JP,UZ,6912
JP,VN,589874
JP,ZA,1415
KE,BI,14270
KE,CD,41186
KE,ER,1749
KE,ET,30353
KE,MZ,494
KE,NA,55
KE,RW,5208
KE,SD,9381
KE,SO,401953
KE,SS,114885
KE,TZ,32860
KE,UG,274655
KE,ZA,91
KG,AM,2266
KG,AZ,4458
KG,BY,9480
KG,CN,256
KG,DE,1734
KG,EE,545
KG,FI,109
KG,GE,3116
KG,KP,1693
KG,KR,220
KG,KZ,12333
KG,LT,2524
KG,LV,859
KG,MD,2533
KG,PL,3060
KG,RO,458
KG,RU,106559
KG,TJ,2101
KG,TM,952
KG,TR,999
KG,UA,25517
KG,UZ,8752
KG,VN,100
KH,AU,130
KH,CA,45
KH,CN,1721
KH,DE,41
KH,FR,311
KH,GB,103
KH,ID,117
KH,IN,107
KH,IT,15
KH,JP,140
KH,KP,45
KH,KR,61
KH,LA,294
KH,LK,51
KH,MM,57
KH,MY,193
KH,NL,32
KH,NP,49
KH,PH,171
KH,PK,44
KH,RU,32
KH,SG,138
KH,TH,34957
KH,US,220
KH,VN,41357
KI,AU,91
KI,FJ,561
KI,GB,7
KI,NR,1675
KI,NZ,59
KI,TV,329
KI,US,44
KM,FR,477
KM,KE,74
KM,MG,9569
KM,TZ,142
KN,AG,430
KN,BB,101
KN,BS,24
KN,DM,212
KN,GD,60
KN,GY,829
KN,JM,148
KN,LC,107
KN,TT,283
KN,VC,178
KP,AU,208
KP,BD,156
KP,BR,2892
KP,CA,343
KP,CN,29771
KP,GB,315
KP,ID,1470
KP,IN,377
KP,JP,218
KP,KR,5574
KP,LK,157
KP,MY,202
KP,PE,543
KP,PH,3044
KP,PK,175
KP,RU,149
KP,TH,584
KP,US,1068
KP,VN,780
KR,CN,756684
KR,ID,27807
KR,KH,33452
KR,KZ,30061
KR,LK,16851
KR,MM,25739
KR,MN,45698
KR,NP,43743
KR,PH,37555
KR,RU,28324
KR,TH,199861
KR,US,53226
KR,UZ,59361
KR,VN,260609
KW,AE,28593
KW,AF,3094
KW,BD,406077
KW,BH,1503
KW,EG,449863
KW,ER,5478
KW,ET,4166
KW,FR,5575
KW,GB,10889
KW,ID,115347
KW,IN,1231094
KW,JO,58434
KW,LB,13369
KW,LK,42384
KW,MA,3240
KW,NG,5147
KW,NL,1135
KW,NP,26292
KW,PH,210397
KW,PK,362255
KW,PS,16524
KW,QA,720
KW,SA,2406
KW,SD,52783
KW,SO,3671
KW,SS,1999
KW,SY,24742
KW,TD,1511
KW,TH,4352
KW,TN,2068
KW,TR,14256
KW,US,5521
KW,YE,75513
KZ,AE,724
KZ,AF,8919
KZ,AM,6889
KZ,AZ,18451
KZ,BY,23013
KZ,CN,196398
KZ,DE,2608
KZ,EE,1346
KZ,GE,12026
KZ,IL,261
KZ,IN,1190
KZ,IR,3012
KZ,KG,100242
KZ,KR,1104
KZ,LT,1391
KZ,LV,777
KZ,MD,6912
KZ,MN,75801
KZ,PK,563
KZ,PL,631
KZ,PS,7
KZ,RU,552258
KZ,TJ,27922
KZ,TM,117117
KZ,TR,6713
KZ,UA,74585
KZ,US,672
KZ,UZ,744161
LA,AU,230
LA,CN,15137
LA,KH,3871
LA,MM,3201
LA,TH,3718
LA,VN,21400
LB,BD,30406
LB,EG,10620
LB,ET,50432
LB,IQ,5101
LB,LK,0
LB,PH,6816
LB,PS,490636
LB,SD,11539
LB,SY,784884
LC,AG,82
LC,AT,8
LC,AU,10
LC,BB,390
LC,BE,7
LC,BR,6
LC,BS,9
LC,BZ,0
LC,CA,237
LC,CH,7
LC,CN,47
LC,CU,77
LC,DE,46
LC,DM,241
LC,DO,34
LC,ET,0
LC,FR,49
LC,GB,735
LC,GD,155
LC,GH,16
LC,GT,1
LC,GY,2045
LC,HT,21
LC,IE,15
LC,IN,207
LC,IT,12
LC,JM,361
LC,JP,8
LC,KN,32
LC,LB,0
LC,MX,16
LC,MY,8
LC,NG,63
LC,NL,10
LC,NZ,0
LC,PA,5
LC,PH,20
LC,PK,0
LC,SR,19
LC,SY,126
LC,TT,488
LC,US,824
LC,VC,304
LC,VE,26
LC,ZA,3
LC,ZW,0
LI,AD,0
LI,AE,2
LI,AF,6
LI,AL,2
LI,AM,10
LI,AO,7
LI,AR,26
LI,AT,4260
LI,AU,10
LI,AZ,0
LI,BA,320
LI,BD,6
LI,BE,46
LI,BF,1
LI,BG,21
LI,BO,0
LI,BR,215
LI,BS,2
LI,BY,3
LI,CA,17
LI,CD,4
LI,CH,15441
LI,CI,0
LI,CL,6
LI,CM,3
LI,CN,121
LI,CO,46
LI,CR,4
LI,CU,11
LI,CZ,67
LI,DE,2044
LI,DK,16
LI,DO,98
LI,DZ,6
LI,EC,13
LI,EE,1
LI,EG,20
LI,ER,17
LI,ES,285
LI,ET,10
LI,FI,9
LI,FR,138
LI,GB,70
LI,GE,2
LI,GM,0
LI,GN,0
LI,GR,50
LI,GT,0
LI,HN,0
LI,HR,123
LI,HT,0
LI,HU,86
LI,ID,10
LI,IE,19
LI,IL,3
LI,IN,29
LI,IQ,11
LI,IR,14
LI,IS,0
LI,IT,921
LI,JM,1
LI,JO,5
LI,JP,19
LI,KE,9
LI,KG,3
LI,KH,2
LI,KR,4
LI,KW,0
LI,KZ,10
LI,LA,43
LI,LC,0
LI,LK,9
LI,LT,3
LI,LU,2
LI,LV,7
LI,LY,0
LI,MA,16
LI,MC,0
LI,MD,7
LI,ME,5
LI,MG,1
LI,MK,102
LI,MT,3
LI,MU,1
LI,MV,1
LI,MX,34
LI,MY,0
LI,MZ,2
LI,NG,6
LI,NI,3
LI,NL,86
LI,NO,7
LI,NP,1
LI,NZ,6
LI,PA,6
LI,PE,15
LI,PH,62
LI,PK,7
LI,PL,81
LI,PT,453
LI,PY,2
LI,RO,40
LI,RS,458
LI,RU,74
LI,SC,0
LI,SE,27
LI,SG,9
LI,SI,114
LI,SK,59
LI,SN,2
LI,SO,26
LI,SV,1
LI,SY,34
LI,TH,92
LI,TN,24
LI,TR,621
LI,TT,1
LI,TZ,2
LI,UA,65
LI,UG,0
LI,US,157
LI,UY,0
LI,UZ,3
LI,VE,21
LI,VN,14
LI,ZA,32
LI,ZM,0
LI,ZW,4
LK,AE,1707
LK,AF,133
LK,AU,479
LK,BD,680
LK,BH,406
LK,BT,236
LK,CA,254
LK,CH,293
LK,CN,2509
LK,CY,254
LK,DE,566
LK,EG,132
LK,ES,34
LK,FI,61
LK,FR,303
LK,GB,1205
LK,GR,90
LK,HT,36
LK,ID,327
LK,IL,55
LK,IN,10957
LK,IQ,39
LK,IR,105
LK,IT,5226
LK,JO,279
LK,JP,857
LK,KR,618
LK,KW,1772
LK,LB,749
LK,LY,39
LK,MV,1424
LK,MY,935
LK,NO,118
LK,NP,347
LK,NZ,112
LK,OM,335
LK,PK,1095
LK,PT,32
LK,QA,278
LK,RU,152
LK,SA,1432
LK,SC,24
LK,SE,131
LK,SG,619
LK,SY,73
LK,TH,279
LK,TR,44
LK,US,620
LK,ZA,265
LR,BF,161
LR,BJ,16
LR,CA,35
LR,CH,21
LR,CI,16235
LR,DE,133
LR,ES,40
LR,FR,42
LR,GB,166
LR,GH,6196
LR,GM,519
LR,GN,22216
LR,GW,330
LR,IN,520
LR,IT,35
LR,LB,635
LR,ML,924
LR,NE,164
LR,NG,3595
LR,NL,43
LR,SE,164
LR,SL,13878
LR,SN,249
LR,TG,264
LR,US,329
LS,BW,247
LS,CN,276
LS,GH,203
LS,IN,522
LS,MW,84
LS,MZ,52
LS,NA,7
LS,PK,522
LS,SZ,84
LS,TZ,193
LS,UG,313
LS,US,203
LS,ZA,5964
LS,ZM,158
LS,ZW,158
LT,AE,64
LT,AF,43
LT,AL,29
LT,AM,450
LT,AO,2
LT,AR,68
LT,AT,84
LT,AU,60
LT,AZ,727
LT,BA,2
LT,BD,46
LT,BE,287
LT,BG,147
LT,BH,5
LT,BJ,0
LT,BO,1
LT,BR,81
LT,BS,0
LT,BY,35625
LT,BZ,0
LT,CA,40
LT,CD,3
LT,CG,6
LT,CH,105
LT,CI,1
LT,CL,4
LT,CM,32
LT,CN,201
LT,CO,20
LT,CU,15
LT,CY,54
LT,CZ,126
LT,DE,2202
LT,DK,637
LT,DM,0
LT,DZ,12
LT,EC,5
LT,EE,866
LT,EG,91
LT,ER,32
LT,ES,878
LT,ET,2
LT,FI,173
LT,FR,547
LT,GB,6975
LT,GE,514
LT,GH,8
LT,GM,0
LT,GN,1
LT,GR,109
LT,GY,1
LT,HN,1
LT,HR,37
LT,HU,147
LT,ID,11
LT,IE,1886
LT,IL,154
LT,IN,597
LT,IQ,58
LT,IR,63
LT,IS,60
LT,IT,677
LT,JM,0
LT,JO,8
LT,JP,24
LT,KE,8
LT,KG,366
LT,KH,4
LT,KP,6
LT,KR,14
LT,KW,5
LT,KZ,4475
LT,LA,3
LT,LB,15
LT,LK,64
LT,LR,5
LT,LU,25
LT,LV,6029
LT,LY,5
LT,MA,15
LT,MC,0
LT,MD,986
LT,MG,6
LT,MK,7
LT,ML,1
LT,MN,56
LT,MR,0
LT,MT,20
LT,MU,2
LT,MV,1
LT,MW,0
LT,MX,35
LT,MY,12
LT,MZ,1
LT,NA,1
LT,NG,5
LT,NI,1
LT,NL,327
LT,NO,2911
LT,NP,16
LT,NZ,12
LT,OM,5
LT,PE,12
LT,PH,61
LT,PK,7
LT,PL,2002
LT,PS,8
LT,PT,135
LT,PY,0
LT,QA,8
LT,RO,379
LT,RS,14
LT,RU,54490
LT,RW,1
LT,SA,15
LT,SD,2
LT,SE,585
LT,SG,5
LT,SI,11
LT,SK,75
LT,SO,1
LT,SR,0
LT,SY,454
LT,TG,0
LT,TH,21
LT,TJ,380
LT,TM,218
LT,TN,8
LT,TR,245
LT,TZ,1
LT,UA,43908
LT,UG,0
LT,US,619
LT,UY,18
LT,UZ,852
LT,VE,25
LT,VN,42
LT,WS,0
LT,ZA,26
LT,ZM,0
LT,ZW,5
LU,AD,44
LU,AE,89
LU,AF,500
LU,AG,2
LU,AL,1222
LU,AM,139
LU,AO,1226
LU,AR,470
LU,AT,1185
LU,AU,332
LU,AZ,222
LU,BA,3156
LU,BB,7
LU,BD,164
LU,BE,24933
LU,BF,80
LU,BG,1975
LU,BH,10
LU,BI,113
LU,BJ,151
LU,BO,81
LU,BR,4300
LU,BS,9
LU,BT,1
LU,BW,1
LU,BY,374
LU,CA,907
LU,CD,1066
LU,CF,40
LU,CG,345
LU,CH,1588
LU,CI,514
LU,CL,251
LU,CM,1425
LU,CN,4961
LU,CO,595
LU,CR,33
LU,CU,208
LU,CV,8211
LU,CY,166
LU,CZ,1226
LU,DE,19730
LU,DJ,12
LU,DK,1846
LU,DM,2
LU,DO,594
LU,DZ,1286
LU,EC,233
LU,EE,690
LU,EG,401
LU,ER,810
LU,ES,6528
LU,ET,282
LU,FI,1333
LU,FJ,5
LU,FR,49649
LU,GA,94
LU,GB,6507
LU,GD,2
LU,GE,112
LU,GH,77
LU,GM,88
LU,GN,484
LU,GQ,9
LU,GR,3654
LU,GT,139
LU,GW,1751
LU,GY,13
LU,HN,28
LU,HR,1010
LU,HT,89
LU,HU,2100
LU,ID,140
LU,IE,1651
LU,IL,273
LU,IN,3224
LU,IQ,1188
LU,IR,1241
LU,IS,477
LU,IT,21807
LU,JM,35
LU,JO,54
LU,JP,679
LU,KE,128
LU,KG,54
LU,KH,80
LU,KM,18
LU,KP,17
LU,KR,1136
LU,KW,54
LU,KZ,239
LU,LA,59
LU,LB,394
LU,LI,9
LU,LK,98
LU,LR,45
LU,LT,1026
LU,LV,759
LU,LY,92
LU,MA,2887
LU,MC,58
LU,MD,679
LU,ME,3136
LU,MG,225
LU,MK,699
LU,ML,91
LU,MM,10
LU,MN,49
LU,MR,13
LU,MT,282
LU,MU,501
LU,MW,13
LU,MX,490
LU,MY,128
LU,MZ,392
LU,NA,16
LU,NE,40
LU,NG,378
LU,NI,20
LU,NL,4604
LU,NO,303
LU,NP,418
LU,NZ,112
LU,OM,6
LU,PA,28
LU,PE,610
LU,PG,5
LU,PH,1029
LU,PK,322
LU,PL,5835
LU,PS,36
LU,PT,86893
LU,PY,38
LU,QA,10
LU,RO,6036
LU,RS,4253
LU,RU,3211
LU,RW,217
LU,SA,68
LU,SC,10
LU,SD,118
LU,SE,1687
LU,SG,172
LU,SI,692
LU,SK,1004
LU,SL,23
LU,SM,3
LU,SN,812
LU,SO,89
LU,SR,24
LU,ST,192
LU,SV,54
LU,SY,2124
LU,SZ,1
LU,TD,14
LU,TG,531
LU,TH,744
LU,TJ,25
LU,TM,22
LU,TN,1400
LU,TR,1658
LU,TT,25
LU,TZ,28
LU,UA,1699
LU,UG,40
LU,US,3433
LU,UY,105
LU,UZ,137
LU,VC,1
LU,VE,633
LU,VN,658
LU,YE,22
LU,ZA,761
LU,ZM,24
LU,ZW,82
LV,AD,0
LV,AE,30
LV,AF,42
LV,AG,0
LV,AL,11
LV,AM,652
LV,AO,0
LV,AR,20
LV,AT,93
LV,AU,102
LV,AZ,1798
LV,BA,8
LV,BB,2
LV,BD,14
LV,BE,113
LV,BG,103
LV,BH,0
LV,BI,0
LV,BJ,1
LV,BO,1
LV,BR,42
LV,BW,0
LV,BY,38908
LV,CA,163
LV,CD,4
LV,CF,0
LV,CG,0
LV,CH,89
LV,CI,1
LV,CL,6
LV,CM,4
LV,CN,340
LV,CO,12
LV,CR,0
LV,CU,42
LV,CV,0
LV,CY,54
LV,CZ,146
LV,DE,1992
LV,DK,219
LV,DO,0
LV,DZ,17
LV,EC,3
LV,EE,2622
LV,EG,74
LV,ER,5
LV,ES,203
LV,FI,139
LV,FR,257
LV,GA,0
LV,GB,3418
LV,GE,1183
LV,GH,6
LV,GM,1
LV,GR,47
LV,GT,1
LV,HR,7
LV,HU,169
LV,ID,3
LV,IE,862
LV,IL,99
LV,IN,1188
LV,IQ,48
LV,IR,42
LV,IS,49
LV,IT,302
LV,JM,2
LV,JO,4
LV,JP,25
LV,KE,4
LV,KG,697
LV,KP,9
LV,KR,30
LV,KW,5
LV,KZ,5204
LV,LB,36
LV,LI,0
LV,LK,159
LV,LT,13084
LV,LU,9
LV,LY,4
LV,MA,22
LV,MC,0
LV,MD,1572
LV,ME,1
LV,MG,0
LV,MK,16
LV,ML,0
LV,MN,95
LV,MR,0
LV,MT,21
LV,MU,4
LV,MW,0
LV,MX,24
LV,MY,7
LV,MZ,0
LV,NA,0
LV,NG,20
LV,NI,0
LV,NL,148
LV,NO,408
LV,NP,41
LV,NZ,12
LV,PE,8
LV,PH,91
LV,PK,210
LV,PL,706
LV,PS,3
LV,PT,39
LV,PW,0
LV,PY,0
LV,QA,5
LV,RO,65
LV,RS,20
LV,RU,107529
LV,RW,1
LV,SA,12
LV,SD,5
LV,SE,250
LV,SG,1
LV,SI,11
LV,SK,33
LV,SL,0
LV,SO,3
LV,SS,0
LV,SY,58
LV,TG,0
LV,TH,27
LV,TJ,520
LV,TM,508
LV,TN,4
LV,TR,211
LV,TT,0
LV,TZ,2
LV,UA,29708
LV,UG,1
LV,US,500
LV,UY,3
LV,UZ,2366
LV,VE,31
LV,VN,76
LV,YE,0
LV,ZA,21
LV,ZM,0
LV,ZW,2
LY,AE,3130
LY,AF,359
LY,AL,338
LY,AM,285
LY,AT,847
LY,AU,842
LY,BA,371
LY,BD,1410
LY,BE,761
LY,BH,1091
LY,BR,285
LY,BY,857
LY,CA,3215
LY,CD,489
LY,CG,453
LY,CH,1050
LY,CI,672
LY,CN,3467
LY,DE,7931
LY,DJ,1606
LY,DK,868
LY,DZ,4049
LY,EG,23699
LY,ER,5815
LY,ES,818
LY,ET,2063
LY,FI,936
LY,FR,5670
LY,GB,8159
LY,GH,692
LY,GR,2951
LY,GW,348
LY,HU,381
LY,ID,14740
LY,IN,5462
LY,IQ,77265
LY,IR,464
LY,IT,7548
LY,JO,23026
LY,JP,1133
LY,KE,377
LY,KM,4846
LY,KR,804
LY,KW,12185
LY,KZ,904
LY,LB,12486
LY,LK,413
LY,MA,5527
LY,MC,310
LY,ML,381
LY,MR,402
LY,MY,8936
LY,NE,402
LY,NG,3215
LY,NL,1998
LY,NO,377
LY,OM,1909
LY,PH,4976
LY,PK,2775
LY,PL,764
LY,PS,322909
LY,QA,1594
LY,RO,672
LY,RU,8175
LY,SA,40027
LY,SD,40329
LY,SE,842
LY,SG,755
LY,SL,265
LY,SN,1263
LY,SO,117956
LY,SS,2004
LY,SV,797
LY,SY,46987
LY,TD,970
LY,TH,3215
LY,TJ,764
LY,TM,265
LY,TN,3480
LY,TR,2858
LY,TZ,297
LY,UA,986
LY,US,11152
LY,UZ,2243
LY,YE,6684
LY,ZA,729
MA,BE,1641
MA,CG,2201
MA,DE,1685
MA,DZ,15731
MA,EG,2176
MA,ES,4797
MA,FR,41301
MA,GB,1418
MA,GN,1151
MA,IQ,2006
MA,IT,2219
MA,LB,1579
MA,LY,1376
MA,MR,1863
MA,SN,2113
MA,SY,3989
MA,TN,3018
MA,US,2139
MC,FR,7938
MC,IT,6091
MD,AM,274
MD,AZ,405
MD,BG,446
MD,BY,1036
MD,CA,112
MD,DE,429
MD,EE,57
MD,ES,303
MD,FR,357
MD,GB,156
MD,GE,299
MD,GR,351
MD,HU,60
MD,IE,163
MD,IL,300
MD,IT,2567
MD,KG,131
MD,KZ,2459
MD,LT,256
MD,LV,96
MD,PL,96
MD,PT,529
MD,RO,3545
MD,RU,20439
MD,SY,359
MD,TJ,177
MD,TM,210
MD,TR,533
MD,UA,143623
MD,US,230
MD,UZ,358
ME,AL,2741
ME,AT,254
ME,AU,135
ME,BA,31869
ME,BG,76
ME,CA,67
ME,CH,209
ME,CZ,118
ME,DE,1867
ME,DK,95
ME,FR,442
ME,GB,101
ME,GR,55
ME,HR,15398
ME,HU,46
ME,IT,206
ME,LU,98
ME,MK,3302
ME,NL,153
ME,PL,96
ME,RO,103
ME,RS,8760
ME,RU,920
ME,SE,149
ME,SI,1609
ME,SK,55
ME,TR,85
ME,UA,21948
ME,US,314
MG,CN,2382
MG,FR,10776
MG,IN,1902
MG,KM,13199
MH,CN,319
MH,FJ,117
MH,FM,247
MH,KI,276
MH,PH,543
MH,US,1446
MK,AL,68356
MK,BA,8781
MK,BG,1079
MK,CZ,52
MK,DE,41
MK,EG,1978
MK,GR,233
MK,HR,1443
MK,HU,80
MK,IT,36
MK,ME,9302
MK,PL,99
MK,RO,22
MK,RS,18073
MK,RU,215
MK,SI,256
MK,SK,35
MK,TR,20082
MK,UA,19187
ML,AD,1351
ML,AE,3990
ML,AF,621
ML,AL,1663
ML,AO,2028
ML,BF,69919
ML,BJ,2098
ML,CD,2931
ML,CF,1458
ML,CG,13793
ML,CI,219185
ML,CL,2011
ML,CM,2339
ML,CN,4529
ML,DZ,621
ML,EG,952
ML,FR,7061
ML,GA,15565
ML,GD,484
ML,GH,6574
ML,GM,1629
ML,GN,47098
ML,GQ,1056
ML,GW,465
ML,HR,1282
ML,IL,1750
ML,JP,828
ML,KP,2322
ML,KZ,2409
ML,LR,1473
ML,LY,1421
ML,MA,1021
ML,MR,27160
ML,NE,14974
ML,NG,4787
ML,RU,499
ML,RW,621
ML,SA,1906
ML,SD,796
ML,SG,1072
ML,SL,2774
ML,SN,27227
ML,TD,779
ML,TG,5049
ML,TH,587
ML,TZ,1160
ML,US,1870
ML,UY,657
ML,ZA,725
ML,ZM,761
MM,BD,1102
MM,CN,36301
MM,IN,28256
MM,PK,3207
MN,AT,16
MN,AU,262
MN,BG,16
MN,CA,174
MN,CH,22
MN,CN,12085
MN,CZ,19
MN,DE,206
MN,FI,2
MN,FR,91
MN,GB,111
MN,HU,11
MN,IE,7
MN,IN,124
MN,IT,22
MN,JP,470
MN,KP,718
MN,KR,2103
MN,KZ,238
MN,LA,0
MN,MK,2
MN,PH,192
MN,PK,22
MN,PL,13
MN,RU,3420
MN,SK,2
MN,TR,250
MN,US,906
MN,UY,0
MN,VN,314
MR,AE,78
MR,AR,76
MR,BE,69
MR,BJ,647
MR,BR,186
MR,CA,57
MR,CD,104
MR,CI,542
MR,CM,460
MR,CN,185
MR,DZ,1922
MR,EG,263
MR,ES,97
MR,GA,97
MR,GH,240
MR,GN,3650
MR,GW,1415
MR,IQ,131
MR,IT,62
MR,KR,80
MR,KW,35
MR,LB,138
MR,LY,161
MR,MA,401
MR,ML,122945
MR,NE,174
MR,PS,188
MR,RU,69
MR,SA,357
MR,SN,20739
MR,SY,651
MR,TD,58
MR,TG,168
MR,TN,290
MR,US,125
MT,AE,130
MT,AL,398
MT,AM,141
MT,AR,49
MT,AT,575
MT,AU,22753
MT,BA,859
MT,BD,38
MT,BE,869
MT,BG,4743
MT,BR,499
MT,BY,31
MT,CA,9242
MT,CH,537
MT,CN,1870
MT,CY,228
MT,CZ,421
MT,DE,5160
MT,DK,683
MT,DZ,269
MT,EG,2451
MT,ER,3516
MT,ES,787
MT,ET,1797
MT,FI,407
MT,FR,2253
MT,GB,54739
MT,GE,202
MT,GH,349
MT,GR,398
MT,HR,377
MT,HU,749
MT,ID,110
MT,IE,1424
MT,IL,54
MT,IN,1375
MT,IQ,428
MT,IR,151
MT,IT,8204
MT,JO,200
MT,JP,233
MT,KE,167
MT,KW,295
MT,LB,332
MT,LK,85
MT,LT,228
MT,LV,398
MT,LY,6607
MT,MA,1166
MT,MD,172
MT,MK,151
MT,MY,200
MT,NE,191
MT,NG,1782
MT,NL,2228
MT,NO,341
MT,NZ,221
MT,PE,141
MT,PH,2512
MT,PK,954
MT,PL,1302
MT,PS,209
MT,PT,295
MT,RO,3556
MT,RS,2890
MT,RU,4980
MT,SA,134
MT,SD,702
MT,SE,2439
MT,SG,155
MT,SI,106
MT,SK,530
MT,SO,7128
MT,SY,5635
MT,TH,556
MT,TN,1684
MT,TR,1203
MT,TT,61
MT,UA,1509
MT,US,6313
MT,UZ,97
MT,ZA,909
MT,ZW,184
MU,BD,8488
MU,BE,119
MU,CA,35
MU,CH,105
MU,CN,3007
MU,DE,137
MU,ES,26
MU,FR,1532
MU,GB,462
MU,IE,49
MU,IN,8855
MU,IT,147
MU,JP,8
MU,LK,1147
MU,MG,2321
MU,MY,61
MU,PK,189
MU,RU,48
MU,SC,125
MU,US,48
MU,ZA,632
MV,AT,25
MV,AU,90
MV,BD,43282
MV,CA,108
MV,CH,137
MV,DE,290
MV,EG,41
MV,FR,133
MV,GB,118
MV,IN,15642
MV,IT,190
MV,JP,126
MV,LB,10
MV,LK,7912
MV,MY,116
MV,NZ,18
MV,PH,1062
MV,PK,353
MV,SE,40
MV,SG,88
MV,TH,348
MV,US,49
MW,BI,9834
MW,CD,27099
MW,CG,1008
MW,GB,1055
MW,IN,1727
MW,MZ,39156
MW,RW,6128
MW,SO,100
MW,TZ,6870
MW,ZA,5907
MW,ZM,30614
MW,ZW,26561
MX,AF,2262
MX,AO,2457
MX,AR,21195
MX,AT,537
MX,AU,566
MX,BD,400
MX,BE,1104
MX,BG,289
MX,BO,2805
MX,BR,18794
MX,BZ,3170
MX,CA,14431
MX,CD,1016
MX,CG,206
MX,CH,1520
MX,CL,15510
MX,CM,680
MX,CN,12070
MX,CO,51112
MX,CR,4592
MX,CU,72440
MX,CZ,316
MX,DE,7151
MX,DK,359
MX,DO,5267
MX,DZ,205
MX,EC,7582
MX,EG,349
MX,ES,21623
MX,FI,222
MX,FR,9938
MX,GB,4322
MX,GH,714
MX,GN,488
MX,GR,256
MX,GT,81012
MX,HN,166398
MX,HT,91622
MX,HU,374
MX,ID,208
MX,IE,370
MX,IL,1268
MX,IN,3620
MX,IR,401
MX,IT,7359
MX,JM,381
MX,JP,6655
MX,KR,9104
MX,LB,893
MX,MA,515
MX,MR,299
MX,NG,944
MX,NI,18139
MX,NL,1296
MX,NO,214
MX,PA,2241
MX,PE,10394
MX,PH,999
MX,PK,546
MX,PL,910
MX,PT,869
MX,PY,736
MX,RO,655
MX,RU,2995
MX,SA,204
MX,SE,465
MX,SN,1393
MX,SV,55410
MX,SY,327
MX,TR,645
MX,UA,1099
MX,US,823502
MX,UY,2946
MX,VE,111191
MX,ZA,355
MY,AF,2906
MY,AU,2432
MY,BD,282437
MY,BN,16887
MY,CN,30524
MY,GB,3522
MY,ID,1761502
MY,IN,139751
MY,IQ,674
MY,IR,358
MY,JP,12388
MY,KR,3410
MY,LK,3310
MY,MM,308095
MY,NP,502596
MY,NZ,592
MY,PH,255520
MY,PK,79288
MY,PS,613
MY,SD,301
MY,SG,79926
MY,SO,2767
MY,SY,2759
MY,TH,70718
MY,VN,5
MY,YE,3228
MZ,AO,40741
MZ,BI,8742
MZ,CD,11941
MZ,CV,7107
MZ,IN,2559
MZ,KE,25824
MZ,LS,8173
MZ,MW,65284
MZ,NG,5582
MZ,PK,1472
MZ,PT,4741
MZ,SC,17655
MZ,TZ,7736
MZ,ZA,21022
MZ,ZM,5539
MZ,ZW,101486
NA,AF,47
NA,AG,520
NA,AM,68
NA,AO,42539
NA,AR,53
NA,AT,675
NA,AU,594
NA,BD,34
NA,BE,204
NA,BF,77
NA,BG,32
NA,BH,52
NA,BI,431
NA,BJ,171
NA,BR,592
NA,BS,53
NA,BW,731
NA,CA,208
NA,CD,4597
NA,CG,1239
NA,CH,473
NA,CI,32
NA,CL,34
NA,CM,129
NA,CN,3450
NA,CU,753
NA,CZ,83
NA,DE,10070
NA,DK,124
NA,DZ,536
NA,EG,191
NA,ES,380
NA,ET,233
NA,FI,86
NA,FR,594
NA,GB,1907
NA,GH,157
NA,GM,93
NA,GN,56
NA,ID,100
NA,IE,65
NA,IL,119
NA,IN,747
NA,IR,32
NA,IT,915
NA,JP,124
NA,KE,1232
NA,KP,110
NA,KR,37
NA,LB,50
NA,LS,139
NA,LU,47
NA,LY,37
NA,MU,117
NA,MW,409
NA,MZ,151
NA,NG,1092
NA,NL,572
NA,NO,56
NA,NZ,53
NA,PH,272
NA,PK,184
NA,PL,186
NA,PT,478
NA,RO,32
NA,RU,503
NA,RW,397
NA,SC,60
NA,SD,220
NA,SE,110
NA,SL,180
NA,SN,32
NA,SO,103
NA,SZ,216
NA,TH,81
NA,TR,37
NA,TZ,1218
NA,UA,283
NA,UG,532
NA,US,1165
NA,ZA,9422
NA,ZM,3359
NA,ZW,16053
NE,BF,31858
NE,BJ,29525
NE,CI,2337
NE,CM,685
NE,DZ,758
NE,GH,2769
NE,LY,258
NE,ML,140431
NE,NG,199722
NE,SD,2286
NE,SN,1895
NE,TD,1883
NE,TG,15994
NG,BJ,404468
NG,CM,56288
NG,GH,255531
NG,LR,23602
NG,ML,184965
NG,NE,129540
NG,SL,4679
NG,TD,33524
NG,TG,169717
NI,AF,64
NI,AG,128
NI,AR,292
NI,AT,39
NI,BE,47
NI,BG,64
NI,BO,68
NI,BR,131
NI,BS,89
NI,BZ,25
NI,CA,272
NI,CD,50
NI,CH,89
NI,CL,135
NI,CN,149
NI,CO,485
NI,CR,11707
NI,CU,1021
NI,DE,325
NI,DK,55
NI,DO,74
NI,DZ,121
NI,EC,119
NI,ES,498
NI,ET,86
NI,FR,160
NI,GB,76
NI,GT,1912
NI,HN,13606
NI,HT,24
NI,IE,25
NI,IN,25
NI,IT,205
NI,JM,20
NI,JO,27
NI,JP,42
NI,KR,64
NI,MX,918
NI,NG,25
NI,NL,288
NI,PA,439
NI,PE,246
NI,RU,210
NI,SE,34
NI,SN,202
NI,SO,39
NI,SV,2653
NI,UA,83
NI,US,3918
NI,UY,39
NI,VE,171
NI,YE,31
NL,AF,42853
NL,BA,28178
NL,BE,67931
NL,BG,58481
NL,BR,34662
NL,CN,82477
NL,CO,19517
NL,DE,125024
NL,EG,20227
NL,ER,27133
NL,ES,43909
NL,ET,22584
NL,FR,38275
NL,GB,62657
NL,GH,16779
NL,GR,30769
NL,HU,22720
NL,ID,100339
NL,IN,76806
NL,IQ,48412
NL,IR,44869
NL,IT,48307
NL,MA,176423
NL,PH,19667
NL,PK,18061
NL,PL,210981
NL,PT,25933
NL,RO,55421
NL,RU,36095
NL,SO,25826
NL,SR,177165
NL,SY,153160
NL,TH,17831
NL,TR,217388
NL,UA,120222
NL,US,43208
NL,VN,16343
NL,ZA,31024
NO,AD,13
NO,AE,685
NO,AF,19172
NO,AG,4
NO,AL,2417
NO,AM,370
NO,AO,552
NO,AR,1385
NO,AT,1877
NO,AU,2732
NO,AZ,619
NO,BA,15507
NO,BB,27
NO,BD,1480
NO,BE,2102
NO,BF,36
NO,BG,8109
NO,BH,38
NO,BI,1249
NO,BJ,30
NO,BN,38
NO,BO,648
NO,BR,6956
NO,BS,26
NO,BT,415
NO,BW,131
NO,BY,1347
NO,BZ,14
NO,CA,3729
NO,CD,3111
NO,CF,29
NO,CG,282
NO,CH,2699
NO,CI,410
NO,CL,7448
NO,CM,905
NO,CN,15099
NO,CO,6878
NO,CR,356
NO,CU,1226
NO,CV,451
NO,CY,234
NO,CZ,2474
NO,DE,31499
NO,DJ,68
NO,DK,27624
NO,DM,24
NO,DO,1071
NO,DZ,1427
NO,EC,926
NO,EE,5273
NO,EG,1507
NO,ER,25546
NO,ES,8173
NO,ET,10556
NO,FI,7986
NO,FJ,46
NO,FM,0
NO,FR,7423
NO,GA,12
NO,GB,22172
NO,GD,18
NO,GE,376
NO,GH,2328
NO,GM,1392
NO,GN,331
NO,GQ,14
NO,GR,3727
NO,GT,525
NO,GW,76
NO,GY,101
NO,HN,148
NO,HR,5445
NO,HT,57
NO,HU,4788
NO,ID,1903
NO,IE,1289
NO,IL,989
NO,IN,16374
NO,IQ,26194
NO,IR,20436
NO,IS,8658
NO,IT,5604
NO,JM,203
NO,JO,679
NO,JP,1712
NO,KE,2567
NO,KG,262
NO,KH,525
NO,KI,2
NO,KM,4
NO,KN,2
NO,KP,40
NO,KR,8709
NO,KW,546
NO,KZ,1082
NO,LA,145
NO,LB,3096
NO,LC,14
NO,LI,22
NO,LK,10598
NO,LR,1062
NO,LS,10
NO,LT,44319
NO,LU,166
NO,LV,11774
NO,LY,845
NO,MA,6893
NO,MC,14
NO,MD,1365
NO,ME,540
NO,MG,547
NO,MK,3260
NO,ML,63
NO,MM,3623
NO,MN,171
NO,MR,77
NO,MT,117
NO,MU,218
NO,MV,4
NO,MW,125
NO,MX,1701
NO,MY,1039
NO,MZ,215
NO,NA,110
NO,NE,62
NO,NG,2198
NO,NI,248
NO,NL,10105
NO,NP,2483
NO,NZ,706
NO,OM,50
NO,PA,95
NO,PE,1856
NO,PG,13
NO,PH,27118
NO,PK,23507
NO,PL,111728
NO,PS,3806
NO,PT,3932
NO,PW,1
NO,PY,193
NO,QA,101
NO,RO,16537
NO,RS,7537
NO,RU,20555
NO,RW,736
NO,SA,1072
NO,SB,4
NO,SC,14
NO,SD,5331
NO,SE,53689
NO,SG,963
NO,SI,487
NO,SK,4202
NO,SL,576
NO,SM,4
NO,SN,345
NO,SO,32285
NO,SR,41
NO,SS,198
NO,ST,6
NO,SV,250
NO,SY,34690
NO,SZ,21
NO,TD,34
NO,TG,126
NO,TH,24801
NO,TJ,135
NO,TL,9
NO,TM,97
NO,TN,1260
NO,TO,6
NO,TR,13608
NO,TT,396
NO,TV,0
NO,TZ,1040
NO,UA,71094
NO,UG,1764
NO,US,20746
NO,UY,276
NO,UZ,734
NO,VC,4
NO,VE,1362
NO,VN,16230
NO,VU,0
NO,WS,3
NO,YE,679
NO,ZA,1936
NO,ZM,620
NO,ZW,355
NP,BD,214
NP,BT,26552
NP,CN,18757
NP,IN,412190
NP,LK,41
NP,PK,1170
NR,AU,50
NR,CN,265
NR,FJ,122
NR,IR,412
NR,KI,279
NR,LK,155
NR,NZ,3
NR,PH,75
NR,SB,85
NR,TV,43
NZ,AE,2976
NZ,AF,6706
NZ,AR,5878
NZ,AU,89129
NZ,BD,3499
NZ,BR,11421
NZ,CA,13149
NZ,CH,3291
NZ,CL,6116
NZ,CN,145906
NZ,CO,4324
NZ,CZ,2569
NZ,DE,16172
NZ,FJ,70552
NZ,FR,7445
NZ,GB,254524
NZ,ID,7817
NZ,IE,8989
NZ,IN,149677
NZ,IQ,5423
NZ,IR,5632
NZ,IT,3256
NZ,JP,12621
NZ,KH,8231
NZ,KI,3015
NZ,KR,31878
NZ,LK,20823
NZ,MM,3834
NZ,MY,23224
NZ,NL,16997
NZ,NP,6832
NZ,PH,107622
NZ,PK,6954
NZ,PL,2511
NZ,RU,8732
NZ,SG,7784
NZ,TH,12405
NZ,TO,29981
NZ,UA,2597
NZ,US,32863
NZ,VN,12670
NZ,WS,63075
NZ,ZA,101970
NZ,ZW,9140
OM,BD,737087
OM,EG,84977
OM,IN,803105
OM,JO,15210
OM,LK,30611
OM,NP,18147
OM,PH,61483
OM,PK,280339
OM,SD,22405
OM,TZ,20860
PA,AR,4671
PA,AT,197
PA,AU,511
PA,BB,58
PA,BD,78
PA,BE,494
PA,BG,133
PA,BO,828
PA,BR,3670
PA,BZ,157
PA,CA,3312
PA,CH,670
PA,CL,3323
PA,CN,34214
PA,CO,77349
PA,CR,14218
PA,CU,3347
PA,CZ,69
PA,DE,1951
PA,DK,268
PA,DM,104
PA,DO,14815
PA,EC,4883
PA,EG,133
PA,ES,6784
PA,FI,84
PA,FR,1774
PA,GB,3695
PA,GD,47
PA,GE,104
PA,GR,593
PA,GT,2937
PA,GY,87
PA,HN,2741
PA,HR,185
PA,HT,993
PA,HU,105
PA,ID,246
PA,IE,166
PA,IL,2041
PA,IN,8212
PA,IR,151
PA,IT,2421
PA,JM,1266
PA,JO,215
PA,JP,680
PA,KR,737
PA,LB,964
PA,LT,82
PA,LY,69
PA,MA,143
PA,MM,178
PA,MX,8850
PA,MY,50
PA,NG,66
PA,NI,23672
PA,NL,883
PA,NO,139
PA,NZ,90
PA,PE,7864
PA,PH,2934
PA,PK,151
PA,PL,359
PA,PS,304
PA,PT,465
PA,PY,221
PA,RO,328
PA,RS,47
PA,RU,1818
PA,SA,90
PA,SE,387
PA,SG,84
PA,SK,66
PA,SV,6326
PA,SY,502
PA,TH,261
PA,TR,204
PA,TT,215
PA,UA,920
PA,US,25732
PA,UY,1394
PA,VE,182386
PA,VN,105
PA,ZA,84
PE,AR,30704
PE,AT,227
PE,AU,837
PE,BE,932
PE,BO,22190
PE,BR,11785
PE,CA,1842
PE,CH,561
PE,CL,19221
PE,CN,4560
PE,CO,25477
PE,CR,912
PE,CU,6676
PE,DE,1680
PE,DK,203
PE,DO,1825
PE,EC,10046
PE,ES,13320
PE,FR,1804
PE,GB,1250
PE,GT,541
PE,HN,481
PE,HT,256
PE,IE,253
PE,IL,570
PE,IN,599
PE,IT,6538
PE,JP,7153
PE,KN,1159
PE,KR,1313
PE,MX,4077
PE,NI,446
PE,NL,1050
PE,PA,878
PE,PH,423
PE,PL,437
PE,PS,368
PE,PT,496
PE,PY,2205
PE,RO,404
PE,RS,137
PE,RU,1358
PE,SE,405
PE,SV,615
PE,TR,359
PE,UA,638
PE,US,11392
PE,UY,1224
PE,VE,1596667
PE,VN,5527
PE,ZA,406
PG,AU,9250
PG,CA,236
PG,CN,87
PG,FJ,83
PG,GB,1626
PG,ID,13638
PG,IE,41
PG,IN,157
PG,JP,259
PG,KR,63
PG,LK,78
PG,MY,78
PG,NZ,1789
PG,PH,1468
PG,RU,25
PG,SB,221
PG,SG,50
PG,TO,26
PG,TZ,27
PG,US,735
PG,VU,98
PH,AU,1489
PH,CN,27676
PH,DE,1551
PH,GB,1532
PH,IN,19801
PH,JP,4492
PH,KR,4520
PH,US,6469
PH,VN,1391
PK,AF,1923453
PK,CN,3568
PK,ID,380
PK,IN,1597134
PK,IQ,233
PK,IR,2148
PK,LK,539
PK,MM,2297
PL,AM,3117
PL,AR,323
PL,AT,7579
PL,AU,2079
PL,AZ,586
PL,BA,1381
PL,BE,13815
PL,BG,2585
PL,BR,833
PL,BY,56258
PL,CA,6421
PL,CH,4171
PL,CN,703
PL,CU,259
PL,CZ,5227
PL,DE,86793
PL,DK,3551
PL,DZ,826
PL,EG,3184
PL,ES,12179
PL,FI,652
PL,FR,22881
PL,GB,184964
PL,GE,1197
PL,GR,6389
PL,HR,418
PL,HU,1818
PL,IE,34300
PL,IL,681
PL,IN,1624
PL,IQ,675
PL,IR,371
PL,IS,2546
PL,IT,24380
PL,JP,673
PL,KZ,8163
PL,LB,518
PL,LT,21305
PL,LU,388
PL,LV,1286
PL,LY,398
PL,MA,555
PL,MD,1312
PL,MK,308
PL,MN,386
PL,MX,557
PL,NG,902
PL,NL,16195
PL,NO,13563
PL,RO,1449
PL,RS,727
PL,RU,15923
PL,SE,6855
PL,SK,1897
PL,SY,1142
PL,TN,898
PL,TR,1726
PL,UA,1102774
PL,US,29646
PL,UZ,1108
PL,VN,3330
PL,ZA,783
PS,AE,14071
PS,BH,7891
PS,EG,21564
PS,IL,62857
PS,JO,59477
PS,KW,19583
PS,LB,2211
PS,OM,11971
PS,QA,9325
PS,SA,24923
PS,SY,5725
PS,TN,800
PS,US,8170
PS,YE,1411
PT,AD,478
PT,AL,62
PT,AM,126
PT,AO,201961
PT,AR,1701
PT,AT,648
PT,AU,1549
PT,AZ,82
PT,BA,52
PT,BD,1894
PT,BE,4414
PT,BG,6682
PT,BJ,40
PT,BO,272
PT,BR,173266
PT,BY,1219
PT,CA,9387
PT,CD,2340
PT,CG,610
PT,CH,20886
PT,CI,165
PT,CL,249
PT,CM,92
PT,CN,13500
PT,CO,828
PT,CU,2090
PT,CV,76835
PT,CY,35
PT,CZ,317
PT,DE,34724
PT,DK,507
PT,DO,172
PT,DZ,294
PT,EC,575
PT,EE,163
PT,EG,540
PT,ES,20446
PT,ET,36
PT,FI,429
PT,FR,117183
PT,GA,728
PT,GB,23725
PT,GE,1379
PT,GH,245
PT,GM,144
PT,GN,5805
PT,GQ,282
PT,GR,238
PT,GT,36
PT,GW,36682
PT,HR,102
PT,HU,511
PT,ID,317
PT,IE,2013
PT,IL,435
PT,IN,10076
PT,IQ,289
PT,IR,832
PT,IS,34
PT,IT,3516
PT,JM,31
PT,JO,240
PT,JP,396
PT,KE,127
PT,KP,92
PT,KR,164
PT,KZ,1123
PT,LB,277
PT,LI,259
PT,LK,97
PT,LR,34
PT,LT,468
PT,LU,5065
PT,LV,263
PT,LY,119
PT,MA,2538
PT,MD,25458
PT,ME,98
PT,MG,31
PT,MK,349
PT,ML,143
PT,MR,49
PT,MT,53
PT,MW,586
PT,MX,339
PT,MY,61
PT,MZ,90640
PT,NG,340
PT,NL,5110
PT,NO,425
PT,NP,7466
PT,NZ,54
PT,PA,43
PT,PE,364
PT,PH,610
PT,PK,2494
PT,PL,1255
PT,PY,65
PT,RO,29376
PT,RS,225
PT,RU,7321
PT,SE,1035
PT,SG,34
PT,SI,69
PT,SK,116
PT,SL,65
PT,SN,2681
PT,ST,23121
PT,SV,108
PT,SY,597
PT,SZ,742
PT,TG,93
PT,TH,1885
PT,TL,2215
PT,TN,174
PT,TR,888
PT,TZ,87
PT,UA,60056
PT,UG,33
PT,US,8977
PT,UY,288
PT,UZ,1132
PT,VE,31198
PT,VN,65
PT,ZA,14232
PT,ZW,1476
PW,CN,498
PW,FM,421
PW,JP,145
PW,KR,70
PW,PH,3095
PW,US,341
PY,AR,65943
PY,BO,1165
PY,BR,85207
PY,CA,2635
PY,CL,2435
PY,CN,900
PY,DE,1916
PY,ES,1018
PY,FR,707
PY,GB,199
PY,IT,1010
PY,JP,2291
PY,KR,2942
PY,MX,1854
PY,PL,1006
PY,US,1819
PY,UY,3379
QA,AE,10034
QA,AF,1679
QA,BD,274697
QA,BH,816
QA,EG,192680
QA,ER,6174
QA,ET,1781
QA,FR,1133
QA,GB,7210
QA,ID,46021
QA,IN,736955
QA,JO,34441
QA,KW,6941
QA,LB,8844
QA,LK,161747
QA,MA,1535
QA,NG,4351
QA,NL,479
QA,NP,266580
QA,PH,178516
QA,PK,247227
QA,PS,5980
QA,SA,956
QA,SD,24580
QA,SO,1327
QA,SS,2172
QA,SY,25981
QA,TD,546
QA,TH,2447
QA,TN,1043
QA,TR,5393
QA,US,4532
QA,YE,37285
RO,AL,810
RO,AT,5029
RO,BE,5923
RO,BG,4443
RO,CN,2359
RO,DE,18432
RO,DK,58
RO,ES,85101
RO,FI,71
RO,FR,11775
RO,GB,48738
RO,GR,7786
RO,HU,9504
RO,IE,2476
RO,IL,2642
RO,IQ,1077
RO,IR,1194
RO,IT,87680
RO,MD,80610
RO,MK,0
RO,NL,765
RO,PL,102
RO,PT,3330
RO,RU,2566
RO,SE,0
RO,SY,4280
RO,TR,5484
RO,UA,182364
RO,US,9431
RS,AL,853
RS,AR,53
RS,AT,8034
RS,AU,1084
RS,BA,277641
RS,BE,467
RS,BG,896
RS,BY,74
RS,CA,1168
RS,CH,3881
RS,CN,2274
RS,CZ,964
RS,DE,17967
RS,DK,340
RS,ES,276
RS,FR,6141
RS,GB,927
RS,GR,6269
RS,HR,223325
RS,HU,4677
RS,IN,714
RS,IQ,122
RS,IT,2983
RS,LU,731
RS,LY,220
RS,MD,103
RS,ME,57943
RS,MK,34921
RS,NL,965
RS,PL,783
RS,RO,2160
RS,RU,11961
RS,SE,1572
RS,SI,9115
RS,SK,755
RS,SY,119
RS,TR,1442
RS,UA,10681
RS,US,2032
RU,AF,2880
RU,AM,340512
RU,AT,1235
RU,AZ,308165
RU,BG,2615
RU,BY,255159
RU,CN,13724
RU,CU,1513
RU,CZ,4978
RU,DE,60040
RU,EE,24906
RU,EG,5856
RU,ES,1672
RU,FI,1227
RU,FR,2013
RU,GB,1200
RU,GE,139333
RU,GR,2381
RU,HU,6932
RU,IL,2601
RU,IN,7456
RU,IQ,1169
RU,IR,922
RU,IT,2099
RU,KG,333664
RU,KP,172
RU,KR,1762
RU,KZ,1321004
RU,LT,25430
RU,LV,38075
RU,MD,166187
RU,MN,5750
RU,PL,9615
RU,RO,1359
RU,SY,4697
RU,TJ,415676
RU,TM,87585
RU,TR,9091
RU,UA,2872612
RU,US,5408
RU,UZ,778041
RU,VN,3881
RW,BI,130912
RW,CD,236385
RW,KE,2572
RW,TZ,42664
RW,UG,91955
SA,AF,153258
SA,BD,2362680
SA,EG,1498313
SA,ET,180746
SA,ID,169846
SA,IN,1953496
SA,IQ,6510
SA,JO,209093
SA,LB,52864
SA,LK,83297
SA,MM,163252
SA,NP,297561
SA,PH,755432
SA,PK,1937044
SA,PS,131779
SA,SD,895646
SA,SO,48099
SA,SY,496044
SA,YE,1999619
SB,AU,266
SB,CN,188
SB,FJ,98
SB,GB,37
SB,ID,66
SB,JP,27
SB,KI,253
SB,KR,29
SB,MY,103
SB,NZ,70
SB,PG,538
SB,PH,114
SB,US,27
SB,VU,63
SC,AU,51
SC,BD,227
SC,BE,38
SC,CN,527
SC,CU,43
SC,DE,86
SC,ES,23
SC,FR,246
SC,GB,300
SC,ID,145
SC,IN,6735
SC,IT,125
SC,KE,422
SC,LK,619
SC,MG,829
SC,MU,573
SC,MV,38
SC,NG,139
SC,NP,180
SC,PH,730
SC,PK,23
SC,RU,99
SC,SO,64
SC,TH,246
SC,UG,27
SC,ZA,262
SD,CD,17897
SD,CF,45125
SD,CN,2670
SD,EG,32270
SD,ER,384053
SD,ET,121969
SD,IN,3066
SD,KE,6189
SD,LY,3742
SD,ML,1630
SD,NG,35645
SD,SO,311
SD,SS,1507976
SD,TD,179139
SD,UG,3003
SE,AF,79353
SE,AL,11986
SE,BA,60819
SE,BD,15502
SE,BG,11009
SE,BR,14151
SE,CD,7671
SE,CL,27831
SE,CN,40898
SE,CO,14267
SE,DE,56910
SE,DK,37372
SE,EE,9461
SE,EG,12132
SE,ER,59751
SE,ES,15166
SE,ET,24644
SE,FI,129139
SE,FR,14381
SE,GB,34445
SE,GR,21838
SE,HR,14041
SE,HU,16739
SE,IN,62598
SE,IQ,150470
SE,IR,89047
SE,IT,16955
SE,KR,12163
SE,LB,30587
SE,LK,9514
SE,LT,19476
SE,LV,11474
SE,MA,13437
SE,MK,11796
SE,MN,6866
SE,NG,9397
SE,NL,15864
SE,NO,39914
SE,PE,8735
SE,PH,17955
SE,PK,31536
SE,PL,102889
SE,PS,9407
SE,RO,38394
SE,RS,20194
SE,RU,26376
SE,SA,8610
SE,SD,10016
SE,SO,74146
SE,SY,243388
SE,TH,47636
SE,TR,58113
SE,UA,45259
SE,US,26172
SE,VN,23055
SG,AU,17222
SG,CA,3197
SG,CN,533745
SG,ID,180437
SG,IN,377038
SG,MY,1553249
SG,NZ,3378
SG,US,26705
SI,AE,24
SI,AF,41
SI,AL,166
SI,AM,19
SI,AO,2
SI,AR,493
SI,AT,3190
SI,AU,422
SI,AZ,45
SI,BA,138576
SI,BB,1
SI,BD,23
SI,BE,375
SI,BF,6
SI,BG,1585
SI,BI,3
SI,BJ,0
SI,BO,15
SI,BR,226
SI,BS,0
SI,BW,1
SI,BY,241
SI,BZ,1
SI,CA,442
SI,CD,12
SI,CF,1
SI,CG,3
SI,CH,1109
SI,CI,2
SI,CL,43
SI,CM,24
SI,CN,1262
SI,CO,77
SI,CR,6
SI,CU,108
SI,CV,3
SI,CY,11
SI,CZ,433
SI,DE,8709
SI,DK,78
SI,DM,0
SI,DO,226
SI,DZ,45
SI,EC,11
SI,EE,27
SI,EG,161
SI,ER,73
SI,ES,231
SI,ET,17
SI,FI,44
SI,FJ,0
SI,FR,1340
SI,GA,0
SI,GB,839
SI,GE,35
SI,GH,67
SI,GM,22
SI,GN,7
SI,GR,144
SI,GT,1
SI,GW,40
SI,GY,0
SI,HN,2
SI,HR,52829
SI,HT,1
SI,HU,529
SI,ID,77
SI,IE,66
SI,IL,57
SI,IN,265
SI,IQ,128
SI,IR,183
SI,IS,5
SI,IT,5114
SI,JM,7
SI,JO,76
SI,JP,111
SI,KE,40
SI,KG,22
SI,KH,3
SI,KM,0
SI,KP,0
SI,KR,54
SI,KW,14
SI,KZ,235
SI,LA,2
SI,LB,29
SI,LI,7
SI,LK,22
SI,LR,14
SI,LT,52
SI,LU,44
SI,LV,73
SI,LY,63
SI,MA,41
SI,MD,447
SI,ME,4014
SI,MG,25
SI,MK,21691
SI,ML,7
SI,MM,1
SI,MN,6
SI,MR,0
SI,MT,8
SI,MU,6
SI,MV,3
SI,MW,2
SI,MX,107
SI,MY,15
SI,MZ,3
SI,NA,2
SI,NE,0
SI,NG,77
SI,NI,6
SI,NL,424
SI,NO,34
SI,NP,31
SI,NZ,32
SI,OM,0
SI,PA,1
SI,PE,69
SI,PG,2
SI,PH,205
SI,PK,48
SI,PL,452
SI,PS,6
SI,PT,73
SI,PY,3
SI,QA,1
SI,RO,501
SI,RS,53729
SI,RU,4050
SI,RW,1
SI,SA,29
SI,SB,0
SI,SD,19
SI,SE,384
SI,SG,8
SI,SK,654
SI,SL,5
SI,SM,0
SI,SN,3
SI,SO,28
SI,SR,0
SI,ST,0
SI,SV,1
SI,SY,280
SI,TD,0
SI,TG,0
SI,TH,356
SI,TJ,12
SI,TM,12
SI,TN,97
SI,TR,269
SI,TT,6
SI,TZ,2
SI,UA,3181
SI,UG,7
SI,US,982
SI,UY,15
SI,UZ,88
SI,VE,102
SI,VN,27
SI,YE,16
SI,ZA,94
SI,ZM,7
SI,ZW,20
SK,AD,0
SK,AE,138
SK,AF,211
SK,AL,145
SK,AM,184
SK,AO,27
SK,AR,98
SK,AT,5133
SK,AU,455
SK,AZ,61
SK,BA,503
SK,BB,1
SK,BD,23
SK,BE,1119
SK,BF,1
SK,BG,2822
SK,BH,15
SK,BI,4
SK,BJ,11
SK,BO,17
SK,BR,186
SK,BW,2
SK,BY,285
SK,BZ,2
SK,CA,666
SK,CD,9
SK,CF,1
SK,CG,25
SK,CH,1136
SK,CI,10
SK,CL,35
SK,CM,16
SK,CN,1365
SK,CO,75
SK,CR,17
SK,CU,166
SK,CY,186
SK,CZ,97359
SK,DE,6742
SK,DK,354
SK,DM,2
SK,DO,28
SK,DZ,136
SK,EC,52
SK,EE,75
SK,EG,283
SK,ES,1418
SK,ET,42
SK,FI,226
SK,FM,0
SK,FR,3308
SK,GB,9987
SK,GD,1
SK,GE,101
SK,GH,29
SK,GM,4
SK,GN,7
SK,GR,706
SK,GT,5
SK,GW,1
SK,HN,4
SK,HR,1350
SK,HT,4
SK,HU,17710
SK,ID,54
SK,IE,1624
SK,IL,263
SK,IN,211
SK,IQ,234
SK,IR,183
SK,IS,105
SK,IT,4259
SK,JM,16
SK,JO,74
SK,JP,172
SK,KE,30
SK,KG,36
SK,KH,11
SK,KI,7
SK,KN,0
SK,KP,15
SK,KR,662
SK,KW,99
SK,KZ,315
SK,LA,5
SK,LB,171
SK,LC,0
SK,LI,8
SK,LK,26
SK,LR,2
SK,LS,3
SK,LT,216
SK,LU,98
SK,LV,216
SK,LY,95
SK,MA,79
SK,MC,5
SK,MD,199
SK,ME,45
SK,MG,20
SK,MK,960
SK,MM,3
SK,MN,72
SK,MT,49
SK,MU,25
SK,MV,1
SK,MW,7
SK,MX,172
SK,MY,25
SK,MZ,3
SK,NA,0
SK,NE,5
SK,NG,155
SK,NI,13
SK,NL,848
SK,NO,1193
SK,NP,13
SK,NZ,68
SK,OM,4
SK,PA,15
SK,PE,83
SK,PG,2
SK,PH,68
SK,PK,133
SK,PL,8008
SK,PS,59
SK,PT,308
SK,PY,8
SK,QA,7
SK,RO,10613
SK,RS,2677
SK,RU,3368
SK,RW,1
SK,SA,52
SK,SB,2
SK,SC,7
SK,SD,20
SK,SE,372
SK,SG,22
SK,SI,413
SK,SL,1
SK,SM,0
SK,SN,21
SK,SO,18
SK,ST,1
SK,SV,1
SK,SY,314
SK,SZ,0
SK,TD,145
SK,TG,2
SK,TH,116
SK,TJ,14
SK,TM,14
SK,TN,217
SK,TR,440
SK,TT,9
SK,TV,0
SK,TZ,0
SK,UA,122257
SK,UG,12
SK,US,2876
SK,UY,20
SK,UZ,64
SK,VA,2
SK,VE,27
SK,VN,2580
SK,VU,0
SK,WS,0
SK,YE,45
SK,ZA,167
SK,ZM,12
SK,ZW,7
SL,BF,7
SL,BJ,94
SL,CA,15
SL,CD,0
SL,CI,110
SL,CN,174
SL,CV,82
SL,DE,30
SL,ER,0
SL,GB,131
SL,GH,874
SL,GM,487
SL,GN,33542
SL,GQ,0
SL,GW,605
SL,IN,892
SL,IQ,0
SL,JP,0
SL,KE,24
SL,KP,2
SL,KR,1
SL,LB,545
SL,LR,8462
SL,ML,244
SL,MR,83
SL,NE,44
SL,NG,2024
SL,PK,80
SL,RU,63
SL,RW,0
SL,SD,7
SL,SN,285
SL,TD,0
SL,TG,20
SL,US,141
SL,VN,0
SL,ZA,72
SL,ZM,16
SM,AL,41
SM,AR,95
SM,BR,32
SM,FR,32
SM,IT,5000
SM,PL,34
SM,RO,153
SM,RU,40
SM,UA,72
SN,BJ,3834
SN,BR,687
SN,CD,371
SN,CF,741
SN,CI,3002
SN,CM,1076
SN,DE,927
SN,DZ,4447
SN,FR,14719
SN,GH,1892
SN,GM,5764
SN,GN,54779
SN,GW,31321
SN,LB,1169
SN,LR,459
SN,MA,4376
SN,ML,36252
SN,MR,47547
SN,NE,1796
SN,NG,869
SN,RW,289
SN,SA,1513
SN,SL,15843
SN,TG,1783
SN,TR,89
SN,US,847
SO,ER,48
SO,ET,28964
SO,YE,17680
SR,BR,6044
SR,CN,5913
SR,GY,14720
SR,NL,3774
SS,CD,97364
SS,CF,4859
SS,EG,5465
SS,ER,3524
SS,ET,13582
SS,IN,1501
SS,KE,10153
SS,LY,162
SS,ML,215
SS,NG,3756
SS,SD,608817
SS,TD,5506
SS,UG,156437
ST,AO,292
ST,CV,1115
ST,GA,192
ST,GQ,118
ST,MZ,93
ST,PT,95
SV,AR,221
SV,AT,11
SV,AU,27
SV,BB,41
SV,BD,6
SV,BE,53
SV,BO,54
SV,BR,248
SV,BZ,349
SV,CA,251
SV,CH,60
SV,CL,235
SV,CN,266
SV,CO,593
SV,CR,901
SV,CU,131
SV,DE,233
SV,DO,73
SV,EC,126
SV,ES,549
SV,FR,219
SV,GB,92
SV,GT,9157
SV,HN,12039
SV,IE,11
SV,IL,44
SV,IN,11
SV,IR,18
SV,IT,289
SV,JM,10
SV,JP,55
SV,KR,131
SV,MX,1765
SV,NI,8063
SV,NL,33
SV,PA,464
SV,PE,240
SV,PH,19
SV,PS,47
SV,PT,13
SV,PY,11
SV,RU,18
SV,SE,35
SV,US,5562
SV,UY,77
SV,VE,248
SY,AF,1179
SY,IQ,209390
SY,PS,615119
SY,SD,216
SY,SO,1113
SZ,AO,135
SZ,AU,55
SZ,BI,475
SZ,BW,39
SZ,CA,17
SZ,CD,683
SZ,CG,72
SZ,ET,28
SZ,LR,45
SZ,LS,226
SZ,MZ,10136
SZ,NZ,23
SZ,RW,392
SZ,SO,309
SZ,UG,55
SZ,US,262
SZ,ZA,12870
TD,CD,399
TD,CF,115460
TD,CG,1113
TD,CM,40472
TD,FR,1381
TD,GA,455
TD,LY,1708
TD,NE,4073
TD,NG,14802
TD,SD,1071034
TG,BE,64
TG,BF,13866
TG,BJ,72863
TG,CA,47
TG,CD,661
TG,CF,380
TG,CG,260
TG,CI,5841
TG,CM,707
TG,CN,525
TG,CV,39
TG,DE,202
TG,FR,804
TG,GA,910
TG,GH,47579
TG,GM,1079
TG,GN,3392
TG,GQ,108
TG,GW,131
TG,LR,169
TG,ML,8256
TG,MR,145
TG,NE,66820
TG,NG,32503
TG,RW,674
TG,SL,106
TG,SN,1023
TG,ST,40
TG,TD,723
TG,US,183
TH,CN,85764
TH,DE,31844
TH,FR,30148
TH,GB,116582
TH,IN,56847
TH,JP,104515
TH,KH,375635
TH,KR,16518
TH,LA,285819
TH,MM,1708695
TH,PH,23402
TH,US,52400
TH,VN,17986
TJ,AF,12467
TJ,AM,194
TJ,AT,61
TJ,AZ,168
TJ,BN,21
TJ,BY,682
TJ,CA,47
TJ,CH,50
TJ,CN,46
TJ,DE,132
TJ,DK,129
TJ,DZ,128
TJ,GB,314
TJ,GE,666
TJ,IN,620
TJ,IQ,60
TJ,IR,1203
TJ,KG,11382
TJ,KP,154
TJ,KZ,842
TJ,MD,790
TJ,NE,20
TJ,NL,48
TJ,NZ,107
TJ,OM,34
TJ,PK,103
TJ,PL,35
TJ,RU,235636
TJ,TM,447
TJ,TR,779
TJ,UA,1215
TJ,US,274
TJ,UZ,7583
TJ,ZM,21
TL,AU,547
TL,BD,66
TL,BR,63
TL,CN,927
TL,CU,27
TL,ID,4066
TL,MY,62
TL,NZ,69
TL,PH,366
TL,PK,298
TL,PT,268
TL,SG,78
TL,TH,59
TL,US,56
TL,VN,202
TM,AF,197
TM,AM,7016
TM,AZ,7551
TM,BY,2030
TM,DE,1023
TM,IR,1876
TM,KZ,19875
TM,RU,74157
TM,TJ,1456
TM,UA,7905
TM,UZ,66605
TN,CI,720
TN,CM,797
TN,DE,1615
TN,DZ,11622
TN,EG,1267
TN,FR,9616
TN,IQ,709
TN,IT,2464
TN,LY,10180
TN,MA,6458
TN,ML,1112
TN,MR,588
TN,NG,604
TN,PS,619
TN,SN,455
TN,SY,1452
TN,US,677
TO,CN,109
TO,FJ,450
TO,IN,169
TO,JP,62
TO,WS,208
TR,AE,12928
TR,AF,332053
TR,AT,30987
TR,AZ,117860
TR,BE,40904
TR,BG,348052
TR,CH,17204
TR,CN,29249
TR,CY,30993
TR,DE,363563
TR,DZ,16719
TR,EG,42894
TR,FR,52315
TR,GB,40743
TR,GE,22770
TR,GR,31548
TR,ID,15386
TR,IQ,403670
TR,IR,199735
TR,JO,24978
TR,KG,44361
TR,KW,15838
TR,KZ,84823
TR,LB,24965
TR,LY,29478
TR,MA,27080
TR,MD,16824
TR,MK,35535
TR,NG,16375
TR,NL,46268
TR,PK,26088
TR,PS,24166
TR,RO,11400
TR,RU,193302
TR,SA,61221
TR,SD,15754
TR,SO,27594
TR,SY,3563983
TR,TJ,11341
TR,TM,119955
TR,UA,72339
TR,US,33577
TR,UZ,128061
TR,YE,21256
TT,BB,1704
TT,CA,2838
TT,CN,1383
TT,CU,3471
TT,DE,403
TT,GB,3784
TT,GD,12827
TT,GY,15720
TT,IN,1531
TT,JM,2390
TT,LC,1406
TT,NG,802
TT,PH,551
TT,US,9267
TT,VC,10277
TT,VE,34543
TV,FJ,57
TV,KI,64
TV,NR,5
TV,US,3
TV,WS,2
TZ,AO,1210
TZ,BI,241069
TZ,BW,136
TZ,CA,283
TZ,CD,76772
TZ,CG,24189
TZ,DE,934
TZ,GB,1025
TZ,IN,7744
TZ,IT,555
TZ,KE,26345
TZ,KM,578
TZ,LS,143
TZ,MU,185
TZ,MW,6678
TZ,MZ,14166
TZ,NA,622
TZ,PK,646
TZ,RW,561
TZ,SC,360
TZ,SO,2867
TZ,SZ,84
TZ,UG,4695
TZ,US,1247
TZ,ZA,687
TZ,ZM,8289
TZ,ZW,824
UA,AF,4956
UA,AM,48740
UA,AZ,84792
UA,BG,1784
UA,BY,252977
UA,CN,6757
UA,DE,1114
UA,EE,10531
UA,GE,66350
UA,IL,3864
UA,IN,3931
UA,IR,2199
UA,JO,3825
UA,KG,27538
UA,KZ,228982
UA,LB,1816
UA,LT,25157
UA,LV,20086
UA,MA,1789
UA,MD,154284
UA,PL,3170
UA,PS,1558
UA,RU,3375095
UA,SY,3832
UA,TJ,30256
UA,TM,23286
UA,TR,1394
UA,US,2819
UA,UZ,226478
UA,VN,12764
UG,AU,210
UG,BI,42181
UG,CA,241
UG,CD,637206
UG,ER,41731
UG,ET,10059
UG,GB,62
UG,KE,23416
UG,RW,79149
UG,SD,141990
UG,SO,65070
UG,SS,923658
UG,TZ,22790
UG,US,1422
US,AF,199252
US,AR,212091
US,BD,357581
US,BR,738994
US,CA,950387
US,CN,2488775
US,CO,1008875
US,CU,1394750
US,DE,1137577
US,DO,1483418
US,EC,561895
US,EG,262714
US,ES,168755
US,ET,363811
US,FR,253094
US,GB,894789
US,GH,258358
US,GR,130822
US,GT,1298936
US,GY,314783
US,HN,934727
US,HT,798232
US,IE,125844
US,IL,170342
US,IN,3165238
US,IQ,272370
US,IR,431405
US,IT,360987
US,JM,910748
US,JP,547444
US,KE,210991
US,KH,171380
US,KR,1083174
US,LA,176588
US,LB,150380
US,MM,199585
US,MX,11279561
US,NG,565053
US,NI,295024
US,NP,264317
US,PA,161903
US,PE,512316
US,PH,2263697
US,PK,452748
US,PL,396647
US,PT,141889
US,RO,178498
US,RU,452940
US,SV,1569946
US,TH,307741
US,TR,176490
US,TT,241541
US,UA,448198
US,VE,763915
US,VN,1434631
US,ZA,161507
UY,AR,42578
UY,BR,19034
UY,CA,480
UY,CL,1980
UY,DE,2129
UY,ES,24980
UY,FR,722
UY,GB,698
UY,IT,11274
UY,MX,819
UY,PE,137
UY,PL,1792
UY,PT,861
UY,PY,1579
UY,RO,939
UY,US,958
UY,VE,39689
UZ,AM,5789
UZ,AZ,20079
UZ,BY,26170
UZ,DE,8491
UZ,KG,4827
UZ,KZ,13013
UZ,RU,865767
UZ,TJ,11339
UZ,TM,751
UZ,UA,122908
VC,AG,57
VC,BB,361
VC,CA,176
VC,DM,87
VC,GB,843
VC,GD,458
VC,GY,253
VC,JM,127
VC,KN,38
VC,LC,245
VC,TT,1029
VC,US,352
VE,AL,16
VE,AM,30
VE,AO,168
VE,AR,8943
VE,AT,743
VE,AU,131
VE,BA,21
VE,BB,5
VE,BE,353
VE,BG,127
VE,BO,1768
VE,BR,5419
VE,BZ,17
VE,CA,1021
VE,CH,593
VE,CL,13728
VE,CN,12470
VE,CO,875552
VE,CR,1012
VE,CU,10274
VE,CY,12
VE,CZ,337
VE,DE,3786
VE,DK,130
VE,DM,0
VE,DO,13260
VE,DZ,85
VE,EC,33255
VE,EE,45
VE,EG,165
VE,ER,24
VE,ES,67085
VE,ET,31
VE,FI,64
VE,FR,3395
VE,GB,1621
VE,GD,145
VE,GE,10
VE,GH,29
VE,GR,659
VE,GT,384
VE,GY,8227
VE,HN,262
VE,HR,367
VE,HT,1708
VE,HU,922
VE,ID,52
VE,IE,54
VE,IL,420
VE,IN,231
VE,IQ,70
VE,IR,80
VE,IT,45934
VE,JM,85
VE,JO,177
VE,JP,322
VE,KP,41
VE,KR,248
VE,KW,63
VE,LB,6732
VE,LC,4
VE,LT,130
VE,LV,125
VE,LY,120
VE,MA,905
VE,ME,243
VE,MX,3444
VE,MY,30
VE,MZ,46
VE,NG,93
VE,NI,1838
VE,NL,619
VE,NO,80
VE,NZ,15
VE,PA,790
VE,PE,42281
VE,PH,143
VE,PK,11
VE,PL,819
VE,PS,432
VE,PT,49104
VE,PY,191
VE,RO,785
VE,RS,745
VE,RU,606
VE,SA,1454
VE,SE,101
VE,SG,15
VE,SI,91
VE,SK,21
VE,SN,11
VE,SR,41
VE,SV,912
VE,SY,14059
VE,TH,62
VE,TN,11
VE,TR,117
VE,TT,2524
VE,UA,188
VE,US,10111
VE,UY,4311
VE,VC,108
VE,VN,10
VE,ZA,63
VE,ZW,12
VN,CN,83887
VN,JP,27060
VN,KH,990
VN,KR,48707
VU,AU,677
VU,FJ,239
VU,FR,565
VU,GB,117
VU,NZ,331
VU,PG,69
VU,SB,124
VU,TO,31
WS,AU,258
WS,CA,7
WS,CN,44
WS,DE,32
WS,FJ,105
WS,FR,6
WS,GB,19
WS,JP,37
WS,KI,10
WS,NR,4
WS,NZ,1164
WS,PG,34
WS,SB,8
WS,TO,57
WS,TV,55
WS,US,284
WS,VU,11
YE,EG,7857
YE,ER,1966
YE,ET,16283
YE,IQ,10139
YE,IR,6
YE,PS,3884
YE,SD,27455
YE,SO,285211
YE,SS,559
YE,SY,4074
YE,VN,14
ZA,AE,762
ZA,AF,2910
ZA,AL,243
ZA,AO,6354
ZA,AR,807
ZA,AT,1586
ZA,AU,2653
ZA,BA,1445
ZA,BD,30637
ZA,BE,2630
ZA,BG,766
ZA,BI,12416
ZA,BJ,332
ZA,BR,1290
ZA,BW,8004
ZA,CA,1954
ZA,CD,57519
ZA,CG,29093
ZA,CH,6305
ZA,CI,432
ZA,CL,266
ZA,CM,4916
ZA,CN,6189
ZA,CO,220
ZA,CU,455
ZA,CY,661
ZA,CZ,452
ZA,DE,9935
ZA,DK,594
ZA,DZ,855
ZA,EE,529
ZA,EG,2476
ZA,ER,3109
ZA,ES,641
ZA,ET,104402
ZA,FI,288
ZA,FR,3082
ZA,GA,652
ZA,GB,55144
ZA,GH,8409
ZA,GN,201
ZA,GR,1558
ZA,GY,303
ZA,HR,323
ZA,HU,525
ZA,ID,532
ZA,IE,2575
ZA,IL,1106
ZA,IN,27674
ZA,IR,499
ZA,IS,189
ZA,IT,4255
ZA,JP,450
ZA,KE,6208
ZA,KM,108
ZA,KP,161
ZA,KR,686
ZA,LB,406
ZA,LK,358
ZA,LR,384
ZA,LS,237718
ZA,LT,115
ZA,LV,52
ZA,LY,255
ZA,MA,417
ZA,MG,299
ZA,ML,836
ZA,MM,437
ZA,MT,174
ZA,MU,1725
ZA,MW,220437
ZA,MX,261
ZA,MY,528
ZA,MZ,412058
ZA,NA,34273
ZA,NE,713
ZA,NG,26707
ZA,NL,3911
ZA,NO,250
ZA,NP,370
ZA,NZ,1026
ZA,PH,824
ZA,PK,17393
ZA,PL,1849
ZA,PT,5602
ZA,RO,425
ZA,RS,443
ZA,RU,805
ZA,RW,3172
ZA,SA,577
ZA,SC,460
ZA,SD,459
ZA,SE,710
ZA,SG,499
ZA,SK,146
ZA,SL,142
ZA,SN,1664
ZA,SO,42516
ZA,SZ,9302
ZA,TH,737
ZA,TR,675
ZA,TZ,6344
ZA,UA,556
ZA,UG,7678
ZA,US,6729
ZA,VE,476
ZA,VN,435
ZA,VU,230
ZA,YE,223
ZA,ZM,22946
ZA,ZW,1072620
ZM,AO,41665
ZM,AU,428
ZM,BI,9305
ZM,BW,1498
ZM,CA,326
ZM,CD,67171
ZM,CG,13869
ZM,CM,396
ZM,CN,1645
ZM,DE,452
ZM,EG,265
ZM,FR,111
ZM,GB,2100
ZM,GH,284
ZM,IN,7569
ZM,JP,163
ZM,KE,875
ZM,ML,354
ZM,MW,17796
ZM,MZ,2125
ZM,NA,1026
ZM,NG,829
ZM,RW,12201
ZM,SN,232
ZM,TZ,8773
ZM,UG,741
ZM,US,1550
ZM,ZA,5022
ZM,ZW,22297
ZW,BW,3985
ZW,GB,13101
ZW,MW,111872
ZW,MZ,126753
ZW,ZA,20346
ZW,ZM,32680
